,name,seq,seq_plus_moclo
0,P70a,TGAGCTAACACCGTGCGTGTTGACAATTTTACCTCTGGCGGTGATAATGGTTGCA,GGTCTCAGGAGTGAGCTAACACCGTGCGTGTTGACAATTTTACCTCTGGCGGTGATAATGGTTGCATACTTGAGACC
1,P19a,CTGTAAGGAAAATAATTCTTATTTCGATTGTCCTTTTTACCC,GGTCTCAGGAGCTGTAAGGAAAATAATTCTTATTTCGATTGTCCTTTTTACCCTACTTGAGACC
2,P24a,TCGGAACTTCAGGCTATAAAACGAATCTGAAGAACAC,GGTCTCAGGAGTCGGAACTTCAGGCTATAAAACGAATCTGAAGAACACTACTTGAGACC
3,P28a,CAAGCTTCAATAAAGTTTCCCCCCTCCTTGCCGATAACGAGATCAA,GGTCTCAGGAGCAAGCTTCAATAAAGTTTCCCCCCTCCTTGCCGATAACGAGATCAATACTTGAGACC
4,P32a,CAGTTTCCCCCTTGAAGGGGCGAAGCCTCATCCCCATATAATCTAGAA,GGTCTCAGGAGCAGTTTCCCCCTTGAAGGGGCGAAGCCTCATCCCCATATAATCTAGAATACTTGAGACC
5,P38a,ATCCCGAGCGGTTTCAAAATTGTGATCTATATTTAACAAAG,GGTCTCAGGAGATCCCGAGCGGTTTCAAAATTGTGATCTATATTTAACAAAGTACTTGAGACC
6,P54a,GGCAATTTAAAAGTTGGCACAGATTTCGCTTTATCTTTTTA,GGTCTCAGGAGGGCAATTTAAAAGTTGGCACAGATTTCGCTTTATCTTTTTATACTTGAGACC
7,PLtetO1,TCCCTATCAGTGATAGAGATTGACATCCCTATCAGTGATAGAGATACTGAGCACA,GGTCTCAGGAGTCCCTATCAGTGATAGAGATTGACATCCCTATCAGTGATAGAGATACTGAGCACATACTTGAGACC
8,pBad,agaagaaaccaattgtccatattgactcagacattgccgtcactgcgtcttttactggctcttctcgctaaccaaaccggtaaccccgcttattaaaagcattctgtaacaaagcgggaccaaagccatgacaaaaacgcgtaacaaaagtgtctataatcacggcagaaaagtccacattgattatttgcacggcgtcacactttgctatgccatagcatttttatccataagattagcggatcctacctgacgctttttatcgcaactctctactgtttctccatacccgtttttttgggc,GGTCTCAGGAGTCCCTATCAGTGATAGAGATTGACATCCCTATCAGTGATAGAGATACTGAGCACATACTTGAGACC
9,UTR1,AATAATTTTGTTTAACTTTAAGAAGGAGATATA,GGTCTCATACTAATAATTTTGTTTAACTTTAAGAAGGAGATATAATGAGACC
10,T500,CAAAGCCCGCCGAAAGGCGGGCTTTTCTGT,GGTCTCAGCTTCAAAGCCCGCCGAAAGGCGGGCTTTTCTGTCGCTTGAGACC
11,eGFP,ATGGTGAGCAAGGGCGAGGAGCTGTTCACCGGGGTGGTGCCCATCCTGGTCGAGCTGGACGGCGACGTAAACGGCCACAAGTTCAGCGTGTCCGGCGAGGGCGAGGGCGATGCCACCTACGGCAAGCTGACCCTGAAGTTCATCTGCACCACCGGCAAGCTGCCCGTGCCCTGGCCCACCCTCGTGACCACCCTGACCTACGGCGTGCAGTGCTTCAGCCGCTACCCCGACCACATGAAGCAGCACGACTTCTTCAAGTCCGCCATGCCCGAAGGCTACGTCCAGGAGCGCACCATCTTCTTCAAGGACGACGGCAACTACAAGACCCGCGCCGAGGTGAAGTTCGAGGGCGACACCCTGGTGAACCGCATCGAGCTGAAGGGCATCGACTTCAAGGAGGACGGCAACATCCTGGGGCACAAGCTGGAGTACAACTACAACAGCCACAACGTCTATATCATGGCCGACAAGCAGAAGAACGGCATCAAGGTGAACTTCAAGATCCGCCACAACATCGAGGACGGCAGCGTGCAGCTCGCCGACCACTACCAGCAGAACACCCCCATCGGCGACGGCCCCGTGCTGCTGCCCGACAACCACTACCTGAGCACCCAGTCCGCCCTGAGCAAAGACCCCAACGAGAAGCGCGATCACATGGTCCTGCTGGAGTTCGTGACCGCCGCCGGGATCACTCTCGGCATGGACGAGCTGTACAAGTAA,GGTCTCAAATGGTGAGCAAGGGCGAGGAGCTGTTCACCGGGGTGGTGCCCATCCTGGTCGAGCTGGACGGCGACGTAAACGGCCACAAGTTCAGCGTGTCCGGCGAGGGCGAGGGCGATGCCACCTACGGCAAGCTGACCCTGAAGTTCATCTGCACCACCGGCAAGCTGCCCGTGCCCTGGCCCACCCTCGTGACCACCCTGACCTACGGCGTGCAGTGCTTCAGCCGCTACCCCGACCACATGAAGCAGCACGACTTCTTCAAGTCCGCCATGCCCGAAGGCTACGTCCAGGAGCGCACCATCTTCTTCAAGGACGACGGCAACTACAAGACCCGCGCCGAGGTGAAGTTCGAGGGCGACACCCTGGTGAACCGCATCGAGCTGAAGGGCATCGACTTCAAGGAGGACGGCAACATCCTGGGGCACAAGCTGGAGTACAACTACAACAGCCACAACGTCTATATCATGGCCGACAAGCAGAAGAACGGCATCAAGGTGAACTTCAAGATCCGCCACAACATCGAGGACGGCAGCGTGCAGCTCGCCGACCACTACCAGCAGAACACCCCCATCGGCGACGGCCCCGTGCTGCTGCCCGACAACCACTACCTGAGCACCCAGTCCGCCCTGAGCAAAGACCCCAACGAGAAGCGCGATCACATGGTCCTGCTGGAGTTCGTGACCGCCGCCGGGATCACTCTCGGCATGGACGAGCTGTACAAGTAAGCTTTGAGACC
12,deGFP,ATGGAGCTTTTCACTGGCGTTGTTCCCATCCTGGTCGAGCTGGACGGCGACGTAAACGGCCACAAGTTCAGCGTGTCCGGCGAGGGCGAGGGCGATGCCACCTACGGCAAGCTGACCCTGAAGTTCATCTGCACCACCGGCAAGCTGCCCGTGCCCTGGCCCACCCTCGTGACCACCCTGACCTACGGCGTGCAGTGCTTCAGCCGCTACCCCGACCACATGAAGCAGCACGACTTCTTCAAGTCCGCCATGCCCGAAGGCTACGTCCAGGAGCGCACCATCTTCTTCAAGGACGACGGCAACTACAAGACCCGCGCCGAGGTGAAGTTCGAGGGCGACACCCTGGTGAACCGCATCGAGCTGAAGGGCATCGACTTCAAGGAGGACGGCAACATCCTGGGGCACAAGCTGGAGTACAACTACAACAGCCACAACGTCTATATCATGGCCGACAAGCAGAAGAACGGCATCAAGGTGAACTTCAAGATCCGCCACAACATCGAGGACGGCAGCGTGCAGCTCGCCGACCACTACCAGCAGAACACCCCCATCGGCGACGGCCCCGTGCTGCTGCCCGACAACCACTACCTGAGCACCCAGTCCGCCCTGAGCAAAGACCCCAACGAGAAGCGCGATCACATGGTCCTGCTGGAGTTCGTGACCGCCGCCGGGATCTAA,GGTCTCAAATGGAGCTTTTCACTGGCGTTGTTCCCATCCTGGTCGAGCTGGACGGCGACGTAAACGGCCACAAGTTCAGCGTGTCCGGCGAGGGCGAGGGCGATGCCACCTACGGCAAGCTGACCCTGAAGTTCATCTGCACCACCGGCAAGCTGCCCGTGCCCTGGCCCACCCTCGTGACCACCCTGACCTACGGCGTGCAGTGCTTCAGCCGCTACCCCGACCACATGAAGCAGCACGACTTCTTCAAGTCCGCCATGCCCGAAGGCTACGTCCAGGAGCGCACCATCTTCTTCAAGGACGACGGCAACTACAAGACCCGCGCCGAGGTGAAGTTCGAGGGCGACACCCTGGTGAACCGCATCGAGCTGAAGGGCATCGACTTCAAGGAGGACGGCAACATCCTGGGGCACAAGCTGGAGTACAACTACAACAGCCACAACGTCTATATCATGGCCGACAAGCAGAAGAACGGCATCAAGGTGAACTTCAAGATCCGCCACAACATCGAGGACGGCAGCGTGCAGCTCGCCGACCACTACCAGCAGAACACCCCCATCGGCGACGGCCCCGTGCTGCTGCCCGACAACCACTACCTGAGCACCCAGTCCGCCCTGAGCAAAGACCCCAACGAGAAGCGCGATCACATGGTCCTGCTGGAGTTCGTGACCGCCGCCGGGATCTAAGCTTTGAGACC
13,deGFP-ssrA,ATGGAGCTTTTCACTGGCGTTGTTCCCATCCTGGTCGAGCTGGACGGCGACGTAAACGGCCACAAGTTCAGCGTGTCCGGCGAGGGCGAGGGCGATGCCACCTACGGCAAGCTGACCCTGAAGTTCATCTGCACCACCGGCAAGCTGCCCGTGCCCTGGCCCACCCTCGTGACCACCCTGACCTACGGCGTGCAGTGCTTCAGCCGCTACCCCGACCACATGAAGCAGCACGACTTCTTCAAGTCCGCCATGCCCGAAGGCTACGTCCAGGAGCGCACCATCTTCTTCAAGGACGACGGCAACTACAAGACCCGCGCCGAGGTGAAGTTCGAGGGCGACACCCTGGTGAACCGCATCGAGCTGAAGGGCATCGACTTCAAGGAGGACGGCAACATCCTGGGGCACAAGCTGGAGTACAACTACAACAGCCACAACGTCTATATCATGGCCGACAAGCAGAAGAACGGCATCAAGGTGAACTTCAAGATCCGCCACAACATCGAGGACGGCAGCGTGCAGCTCGCCGACCACTACCAGCAGAACACCCCCATCGGCGACGGCCCCGTGCTGCTGCCCGACAACCACTACCTGAGCACCCAGTCCGCCCTGAGCAAAGACCCCAACGAGAAGCGCGATCACATGGTCCTGCTGGAGTTCGTGACCGCCGCCGGGATCGCAGCAAACGACGAAAACTACGCTTTAGCTGCTTAA,GGTCTCAAATGGAGCTTTTCACTGGCGTTGTTCCCATCCTGGTCGAGCTGGACGGCGACGTAAACGGCCACAAGTTCAGCGTGTCCGGCGAGGGCGAGGGCGATGCCACCTACGGCAAGCTGACCCTGAAGTTCATCTGCACCACCGGCAAGCTGCCCGTGCCCTGGCCCACCCTCGTGACCACCCTGACCTACGGCGTGCAGTGCTTCAGCCGCTACCCCGACCACATGAAGCAGCACGACTTCTTCAAGTCCGCCATGCCCGAAGGCTACGTCCAGGAGCGCACCATCTTCTTCAAGGACGACGGCAACTACAAGACCCGCGCCGAGGTGAAGTTCGAGGGCGACACCCTGGTGAACCGCATCGAGCTGAAGGGCATCGACTTCAAGGAGGACGGCAACATCCTGGGGCACAAGCTGGAGTACAACTACAACAGCCACAACGTCTATATCATGGCCGACAAGCAGAAGAACGGCATCAAGGTGAACTTCAAGATCCGCCACAACATCGAGGACGGCAGCGTGCAGCTCGCCGACCACTACCAGCAGAACACCCCCATCGGCGACGGCCCCGTGCTGCTGCCCGACAACCACTACCTGAGCACCCAGTCCGCCCTGAGCAAAGACCCCAACGAGAAGCGCGATCACATGGTCCTGCTGGAGTTCGTGACCGCCGCCGGGATCGCAGCAAACGACGAAAACTACGCTTTAGCTGCTTAAGCTTTGAGACC
14,eCFP,ATGGTGAGCAAGGGCGAGGAGCTGTTCACCGGGGTGGTGCCCATCCTGGTCGAGCTGGACGGCGACGTAAACGGCCACAAGTTCAGCGTGTCCGGCGAGGGCGAGGGCGATGCCACCTACGGCAAGCTGACCCTGAAGTTCATCTGCACCACCGGCAAGCTGCCCGTGCCCTGGCCCACCCTCGTGACCACCCTGACCTGGGGCGTGCAGTGCTTCAGCCGCTACCCCGACCACATGAAGCAGCACGACTTCTTCAAGTCCGCCATGCCCGAAGGCTACGTCCAGGAGCGCACCATCTTCTTCAAGGACGACGGCAACTACAAGACCCGCGCCGAGGTGAAGTTCGAGGGCGACACCCTGGTGAACCGCATCGAGCTGAAGGGCATCGACTTCAAGGAGGACGGCAACATCCTGGGGCACAAGCTGGAGTACAACTACATCAGCCACAACGTCTATATCACCGCCGACAAGCAGAAGAACGGCATCAAGGCCAACTTCAAGATCCGCCACAACATCGAGGACGGCAGCGTGCAGCTCGCCGACCACTACCAGCAGAACACCCCCATCGGCGACGGCCCCGTGCTGCTGCCCGACAACCACTACCTGAGCACCCAGTCCGCCCTGAGCAAAGACCCCAACGAGAAGCGCGATCACATGGTCCTGCTGGAGTTCGTGACCGCCGCCGGGATCACTCTCGGCATGGACGAGCTGTACAAGCTGTACAAGTAA,GGTCTCAAATGGTGAGCAAGGGCGAGGAGCTGTTCACCGGGGTGGTGCCCATCCTGGTCGAGCTGGACGGCGACGTAAACGGCCACAAGTTCAGCGTGTCCGGCGAGGGCGAGGGCGATGCCACCTACGGCAAGCTGACCCTGAAGTTCATCTGCACCACCGGCAAGCTGCCCGTGCCCTGGCCCACCCTCGTGACCACCCTGACCTGGGGCGTGCAGTGCTTCAGCCGCTACCCCGACCACATGAAGCAGCACGACTTCTTCAAGTCCGCCATGCCCGAAGGCTACGTCCAGGAGCGCACCATCTTCTTCAAGGACGACGGCAACTACAAGACCCGCGCCGAGGTGAAGTTCGAGGGCGACACCCTGGTGAACCGCATCGAGCTGAAGGGCATCGACTTCAAGGAGGACGGCAACATCCTGGGGCACAAGCTGGAGTACAACTACATCAGCCACAACGTCTATATCACCGCCGACAAGCAGAAGAACGGCATCAAGGCCAACTTCAAGATCCGCCACAACATCGAGGACGGCAGCGTGCAGCTCGCCGACCACTACCAGCAGAACACCCCCATCGGCGACGGCCCCGTGCTGCTGCCCGACAACCACTACCTGAGCACCCAGTCCGCCCTGAGCAAAGACCCCAACGAGAAGCGCGATCACATGGTCCTGCTGGAGTTCGTGACCGCCGCCGGGATCACTCTCGGCATGGACGAGCTGTACAAGCTGTACAAGTAAGCTTTGAGACC
15,deCFP,ATGGAGCTTTTCACTGGCGTTGTTCCCATCCTGGTCGAGCTGGACGGCGACGTAAACGGCCACAAGTTCAGCGTGTCCGGCGAGGGCGAGGGCGATGCCACCTACGGCAAGCTGACCCTGAAGTTCATCTGCACCACCGGCAAGCTGCCCGTGCCCTGGCCCACCCTCGTGACCACCCTGACCTGGGGCGTGCAGTGCTTCAGCCGCTACCCCGACCACATGAAGCAGCACGACTTCTTCAAGTCCGCCATGCCCGAAGGCTACGTCCAGGAGCGCACCATCTTCTTCAAGGACGACGGCAACTACAAGACCCGCGCCGAGGTGAAGTTCGAGGGCGACACCCTGGTGAACCGCATCGAGCTGAAGGGCATCGACTTCAAGGAGGACGGCAACATCCTGGGGCACAAGCTGGAGTACAACTACATCAGCCACAACGTCTATATCACCGCCGACAAGCAGAAGAACGGCATCAAGGCCAACTTCAAGATCCGCCACAACATCGAGGACGGCAGCGTGCAGCTCGCCGACCACTACCAGCAGAACACCCCCATCGGCGACGGCCCCGTGCTGCTGCCCGACAACCACTACCTGAGCACCCAGTCCGCCCTGAGCAAAGACCCCAACGAGAAGCGCGATCACATGGTCCTGCTGGAGTTCGTGACCGCCGCCGGGATCTAA,GGTCTCAAATGGAGCTTTTCACTGGCGTTGTTCCCATCCTGGTCGAGCTGGACGGCGACGTAAACGGCCACAAGTTCAGCGTGTCCGGCGAGGGCGAGGGCGATGCCACCTACGGCAAGCTGACCCTGAAGTTCATCTGCACCACCGGCAAGCTGCCCGTGCCCTGGCCCACCCTCGTGACCACCCTGACCTGGGGCGTGCAGTGCTTCAGCCGCTACCCCGACCACATGAAGCAGCACGACTTCTTCAAGTCCGCCATGCCCGAAGGCTACGTCCAGGAGCGCACCATCTTCTTCAAGGACGACGGCAACTACAAGACCCGCGCCGAGGTGAAGTTCGAGGGCGACACCCTGGTGAACCGCATCGAGCTGAAGGGCATCGACTTCAAGGAGGACGGCAACATCCTGGGGCACAAGCTGGAGTACAACTACATCAGCCACAACGTCTATATCACCGCCGACAAGCAGAAGAACGGCATCAAGGCCAACTTCAAGATCCGCCACAACATCGAGGACGGCAGCGTGCAGCTCGCCGACCACTACCAGCAGAACACCCCCATCGGCGACGGCCCCGTGCTGCTGCCCGACAACCACTACCTGAGCACCCAGTCCGCCCTGAGCAAAGACCCCAACGAGAAGCGCGATCACATGGTCCTGCTGGAGTTCGTGACCGCCGCCGGGATCTAAGCTTTGAGACC
16,YFP,ATGGTGAGCAAGGGCGAGGAGCTGTTCACCGGGGTGGTGCCCATCCTGGTCGAGCTGGACGGCGACGTAAACGGCCACAAGTTCAGCGTGTCCGGCGAGGGCGAGGGCGATGCCACCTACGGCAAGCTGACCCTGAAGTTCATCTGCACCACCGGCAAGCTGCCCGTGCCCTGGCCCACCCTCGTGACCACCTTCGGCTACGGCCTGCAGTGCTTCGCCCGCTACCCCGACCACATGAAGCAGCACGACTTCTTCAAGTCCGCCATGCCCGAAGGCTACGTCCAGGAGCGCACCATCTTCTTCAAGGACGACGGCAACTACAAGACCCGCGCCGAGGTGAAGTTCGAGGGCGACACCCTGGTGAACCGCATCGAGCTGAAGGGCATCGACTTCAAGGAGGACGGCAACATCCTGGGGCACAAGCTGGAGTACAACTACAACAGCCACAACGTCTATATCATGGCCGACAAGCAGAAGAACGGCATCAAGGTGAACTTCAAGATCCGCCACAACATCGAGGACGGCAGCGTGCAGCTCGCCGACCACTACCAGCAGAACACCCCCATCGGCGACGGCCCCGTGCTGCTGCCCGACAACCACTACCTGAGCTACCAGTCCGCCCTGAGCAAAGACCCCAACGAGAAGCGCGATCACATGGTCCTGCTGGAGTTCGTGACCGCCGCCGGGATCACTCTCGGCATGGACGAGCTGTACAAGTAA,GGTCTCAAATGGTGAGCAAGGGCGAGGAGCTGTTCACCGGGGTGGTGCCCATCCTGGTCGAGCTGGACGGCGACGTAAACGGCCACAAGTTCAGCGTGTCCGGCGAGGGCGAGGGCGATGCCACCTACGGCAAGCTGACCCTGAAGTTCATCTGCACCACCGGCAAGCTGCCCGTGCCCTGGCCCACCCTCGTGACCACCTTCGGCTACGGCCTGCAGTGCTTCGCCCGCTACCCCGACCACATGAAGCAGCACGACTTCTTCAAGTCCGCCATGCCCGAAGGCTACGTCCAGGAGCGCACCATCTTCTTCAAGGACGACGGCAACTACAAGACCCGCGCCGAGGTGAAGTTCGAGGGCGACACCCTGGTGAACCGCATCGAGCTGAAGGGCATCGACTTCAAGGAGGACGGCAACATCCTGGGGCACAAGCTGGAGTACAACTACAACAGCCACAACGTCTATATCATGGCCGACAAGCAGAAGAACGGCATCAAGGTGAACTTCAAGATCCGCCACAACATCGAGGACGGCAGCGTGCAGCTCGCCGACCACTACCAGCAGAACACCCCCATCGGCGACGGCCCCGTGCTGCTGCCCGACAACCACTACCTGAGCTACCAGTCCGCCCTGAGCAAAGACCCCAACGAGAAGCGCGATCACATGGTCCTGCTGGAGTTCGTGACCGCCGCCGGGATCACTCTCGGCATGGACGAGCTGTACAAGTAAGCTTTGAGACC
17,deYFP,ATGGAGCTTTTCACTGGCGTTGTTCCCATCCTGGTCGAGCTGGACGGCGACGTAAACGGCCACAAGTTCAGCGTGTCCGGCGAGGGCGAGGGCGATGCCACCTACGGCAAGCTGACCCTGAAGTTCATCTGCACCACCGGCAAGCTGCCCGTGCCCTGGCCCACCCTCGTGACCACCTTCGGCTACGGCCTGCAGTGCTTCGCCCGCTACCCCGACCACATGAAGCAGCACGACTTCTTCAAGTCCGCCATGCCCGAAGGCTACGTCCAGGAGCGCACCATCTTCTTCAAGGACGACGGCAACTACAAGACCCGCGCCGAGGTGAAGTTCGAGGGCGACACCCTGGTGAACCGCATCGAGCTGAAGGGCATCGACTTCAAGGAGGACGGCAACATCCTGGGGCACAAGCTGGAGTACAACTACAACAGCCACAACGTCTATATCATGGCCGACAAGCAGAAGAACGGCATCAAGGTGAACTTCAAGATCCGCCACAACATCGAGGACGGCAGCGTGCAGCTCGCCGACCACTACCAGCAGAACACCCCCATCGGCGACGGCCCCGTGCTGCTGCCCGACAACCACTACCTGAGCTACCAGTCCGCCCTGAGCAAAGACCCCAACGAGAAGCGCGATCACATGGTCCTGCTGGAGTTCGTGACCGCCGCCGGGATCTAA,GGTCTCAAATGGAGCTTTTCACTGGCGTTGTTCCCATCCTGGTCGAGCTGGACGGCGACGTAAACGGCCACAAGTTCAGCGTGTCCGGCGAGGGCGAGGGCGATGCCACCTACGGCAAGCTGACCCTGAAGTTCATCTGCACCACCGGCAAGCTGCCCGTGCCCTGGCCCACCCTCGTGACCACCTTCGGCTACGGCCTGCAGTGCTTCGCCCGCTACCCCGACCACATGAAGCAGCACGACTTCTTCAAGTCCGCCATGCCCGAAGGCTACGTCCAGGAGCGCACCATCTTCTTCAAGGACGACGGCAACTACAAGACCCGCGCCGAGGTGAAGTTCGAGGGCGACACCCTGGTGAACCGCATCGAGCTGAAGGGCATCGACTTCAAGGAGGACGGCAACATCCTGGGGCACAAGCTGGAGTACAACTACAACAGCCACAACGTCTATATCATGGCCGACAAGCAGAAGAACGGCATCAAGGTGAACTTCAAGATCCGCCACAACATCGAGGACGGCAGCGTGCAGCTCGCCGACCACTACCAGCAGAACACCCCCATCGGCGACGGCCCCGTGCTGCTGCCCGACAACCACTACCTGAGCTACCAGTCCGCCCTGAGCAAAGACCCCAACGAGAAGCGCGATCACATGGTCCTGCTGGAGTTCGTGACCGCCGCCGGGATCTAAGCTTTGAGACC
18,mVenus,ATGGTGAGCAAGGGCGAGGAGCTGTTCACCGGGGTGGTGCCCATCCTGGTCGAGCTGGACGGCGACGTAAACGGCCACAAGTTCAGCGTGTCCGGCGAGGGCGAGGGCGATGCCACCTACGGCAAGCTGACCCTGAAGCTGATCTGCACCACCGGCAAGCTGCCCGTGCCCTGGCCCACCCTCGTGACCACCCTGGGCTACGGCCTGCAGTGCTTCGCCCGCTACCCCGACCACATGAAGCAGCACGACTTCTTCAAGTCCGCCATGCCCGAAGGCTACGTCCAGGAGCGCACCATCTTCTTCAAGGACGACGGCAACTACAAGACCCGCGCCGAGGTGAAGTTCGAGGGCGACACCCTGGTGAACCGCATCGAGCTGAAGGGCATCGACTTCAAGGAGGACGGCAACATCCTGGGGCACAAGCTGGAGTACAACTACAACAGCCACAACGTCTATATCACCGCCGACAAGCAGAAGAACGGCATCAAGGCCAACTTCAAGATCCGCCACAACATCGAGGACGGCGGCGTGCAGCTCGCCGACCACTACCAGCAGAACACCCCCATCGGCGACGGCCCCGTGCTGCTGCCCGACAACCACTACCTGAGCTACCAGTCCAAGCTGAGCAAAGACCCCAACGAGAAGCGCGATCACATGGTCCTGCTGGAGTTCGTGACCGCCGCCGGGATCACTCTCGGCATGGACGAGCTGTACAAGTAA,GGTCTCAAATGGTGAGCAAGGGCGAGGAGCTGTTCACCGGGGTGGTGCCCATCCTGGTCGAGCTGGACGGCGACGTAAACGGCCACAAGTTCAGCGTGTCCGGCGAGGGCGAGGGCGATGCCACCTACGGCAAGCTGACCCTGAAGCTGATCTGCACCACCGGCAAGCTGCCCGTGCCCTGGCCCACCCTCGTGACCACCCTGGGCTACGGCCTGCAGTGCTTCGCCCGCTACCCCGACCACATGAAGCAGCACGACTTCTTCAAGTCCGCCATGCCCGAAGGCTACGTCCAGGAGCGCACCATCTTCTTCAAGGACGACGGCAACTACAAGACCCGCGCCGAGGTGAAGTTCGAGGGCGACACCCTGGTGAACCGCATCGAGCTGAAGGGCATCGACTTCAAGGAGGACGGCAACATCCTGGGGCACAAGCTGGAGTACAACTACAACAGCCACAACGTCTATATCACCGCCGACAAGCAGAAGAACGGCATCAAGGCCAACTTCAAGATCCGCCACAACATCGAGGACGGCGGCGTGCAGCTCGCCGACCACTACCAGCAGAACACCCCCATCGGCGACGGCCCCGTGCTGCTGCCCGACAACCACTACCTGAGCTACCAGTCCAAGCTGAGCAAAGACCCCAACGAGAAGCGCGATCACATGGTCCTGCTGGAGTTCGTGACCGCCGCCGGGATCACTCTCGGCATGGACGAGCTGTACAAGTAAGCTTTGAGACC
19,dmVenus,ATGGAGCTTTTCACTGGCGTTGTTCCCATCCTGGTCGAGCTGGACGGCGACGTAAACGGCCACAAGTTCAGCGTGTCCGGCGAGGGCGAGGGCGATGCCACCTACGGCAAGCTGACCCTGAAGCTGATCTGCACCACCGGCAAGCTGCCCGTGCCCTGGCCCACCCTCGTGACCACCCTGGGCTACGGCCTGCAGTGCTTCGCCCGCTACCCCGACCACATGAAGCAGCACGACTTCTTCAAGTCCGCCATGCCCGAAGGCTACGTCCAGGAGCGCACCATCTTCTTCAAGGACGACGGCAACTACAAGACCCGCGCCGAGGTGAAGTTCGAGGGCGACACCCTGGTGAACCGCATCGAGCTGAAGGGCATCGACTTCAAGGAGGACGGCAACATCCTGGGGCACAAGCTGGAGTACAACTACAACAGCCACAACGTCTATATCACCGCCGACAAGCAGAAGAACGGCATCAAGGCCAACTTCAAGATCCGCCACAACATCGAGGACGGCGGCGTGCAGCTCGCCGACCACTACCAGCAGAACACCCCCATCGGCGACGGCCCCGTGCTGCTGCCCGACAACCACTACCTGAGCTACCAGTCCGCCCTGAGCAAAGACCCCAACGAGAAGCGCGATCACATGGTCCTGCTGGAGTTCGTGACCGCCGCCGGGATCTAA,GGTCTCAAATGGAGCTTTTCACTGGCGTTGTTCCCATCCTGGTCGAGCTGGACGGCGACGTAAACGGCCACAAGTTCAGCGTGTCCGGCGAGGGCGAGGGCGATGCCACCTACGGCAAGCTGACCCTGAAGCTGATCTGCACCACCGGCAAGCTGCCCGTGCCCTGGCCCACCCTCGTGACCACCCTGGGCTACGGCCTGCAGTGCTTCGCCCGCTACCCCGACCACATGAAGCAGCACGACTTCTTCAAGTCCGCCATGCCCGAAGGCTACGTCCAGGAGCGCACCATCTTCTTCAAGGACGACGGCAACTACAAGACCCGCGCCGAGGTGAAGTTCGAGGGCGACACCCTGGTGAACCGCATCGAGCTGAAGGGCATCGACTTCAAGGAGGACGGCAACATCCTGGGGCACAAGCTGGAGTACAACTACAACAGCCACAACGTCTATATCACCGCCGACAAGCAGAAGAACGGCATCAAGGCCAACTTCAAGATCCGCCACAACATCGAGGACGGCGGCGTGCAGCTCGCCGACCACTACCAGCAGAACACCCCCATCGGCGACGGCCCCGTGCTGCTGCCCGACAACCACTACCTGAGCTACCAGTCCGCCCTGAGCAAAGACCCCAACGAGAAGCGCGATCACATGGTCCTGCTGGAGTTCGTGACCGCCGCCGGGATCTAAGCTTTGAGACC
20,mCherry,ATGGTGAGCAAGGGCGAGGAGGATAACATGGCCATCATCAAGGAGTTCATGCGCTTCAAGGTGCACATGGAGGGCTCCGTGAACGGCCACGAGTTCGAGATCGAGGGCGAGGGCGAGGGCCGCCCCTACGAGGGCACCCAGACCGCCAAGCTGAAGGTGACCAAGGGTGGCCCCCTGCCCTTCGCCTGGGACATCCTGTCCCCTCAGTTCATGTACGGCTCCAAGGCCTACGTGAAGCACCCCGCCGACATCCCCGACTACTTGAAGCTGTCCTTCCCCGAGGGCTTCAAGTGGGAGCGCGTGATGAACTTCGAGGACGGCGGCGTGGTGACCGTGACCCAGGACTCCTCCCTGCAGGACGGCGAGTTCATCTACAAGGTGAAGCTGCGCGGCACCAACTTCCCCTCCGACGGCCCCGTAATGCAGAAGAAGACCATGGGCTGGGAGGCCTCCTCCGAGCGGATGTACCCCGAGGACGGCGCCCTGAAGGGCGAGATCAAGCAGAGGCTGAAGCTGAAGGACGGCGGCCACTACGACGCTGAGGTCAAGACCACCTACAAGGCCAAGAAGCCCGTGCAGCTGCCCGGCGCCTACAACGTCAACATCAAGTTGGACATCACCTCCCACAACGAGGACTACACCATCGTGGAACAGTACGAACGCGCCGAGGGCCGCCACTCCACCGGCGGCATGGACGAGCTGTACAAGTAA,GGTCTCAAATGGTGAGCAAGGGCGAGGAGGATAACATGGCCATCATCAAGGAGTTCATGCGCTTCAAGGTGCACATGGAGGGCTCCGTGAACGGCCACGAGTTCGAGATCGAGGGCGAGGGCGAGGGCCGCCCCTACGAGGGCACCCAGACCGCCAAGCTGAAGGTGACCAAGGGTGGCCCCCTGCCCTTCGCCTGGGACATCCTGTCCCCTCAGTTCATGTACGGCTCCAAGGCCTACGTGAAGCACCCCGCCGACATCCCCGACTACTTGAAGCTGTCCTTCCCCGAGGGCTTCAAGTGGGAGCGCGTGATGAACTTCGAGGACGGCGGCGTGGTGACCGTGACCCAGGACTCCTCCCTGCAGGACGGCGAGTTCATCTACAAGGTGAAGCTGCGCGGCACCAACTTCCCCTCCGACGGCCCCGTAATGCAGAAGAAGACCATGGGCTGGGAGGCCTCCTCCGAGCGGATGTACCCCGAGGACGGCGCCCTGAAGGGCGAGATCAAGCAGAGGCTGAAGCTGAAGGACGGCGGCCACTACGACGCTGAGGTCAAGACCACCTACAAGGCCAAGAAGCCCGTGCAGCTGCCCGGCGCCTACAACGTCAACATCAAGTTGGACATCACCTCCCACAACGAGGACTACACCATCGTGGAACAGTACGAACGCGCCGAGGGCCGCCACTCCACCGGCGGCATGGACGAGCTGTACAAGTAAGCTTTGAGACC
21,mmCherry,ATGGTGAGCAAGGGCGAAGAAGATAACATGGCCATCATCAAGGAGTTCATGCGCTTCAAGGTGCACATGGAGGGCTCCGTGAACGGCCACGAGTTCGAGATCGAGGGCGAGGGCGAGGGCCGCCCCTACGAGGGCACCCAGACCGCCAAGCTGAAGGTGACCAAGGGTGGCCCCCTGCCCTTCGCCTGGGACATCCTGTCCCCTCAGTTCATGTACGGCTCCAAGGCCTACGTGAAGCACCCCGCCGACATCCCCGACTACTTGAAGCTGTCCTTCCCCGAGGGCTTCAAGTGGGAGCGCGTGATGAACTTCGAGGACGGCGGCGTGGTGACCGTGACCCAGGACTCCTCCCTGCAGGACGGCGAGTTCATCTACAAGGTGAAGCTGCGCGGCACCAACTTCCCCTCCGACGGCCCCGTAATGCAGAAGAAGACCATGGGCTGGGAGGCCTCCTCCGAGCGGATGTACCCCGAGGACGGCGCCCTGAAGGGCGAGATCAAGCAGAGGCTGAAGCTGAAGGACGGCGGCCACTACGACGCTGAGGTCAAGACCACCTACAAGGCCAAGAAGCCCGTGCAGCTGCCCGGCGCCTACAACGTCAACATCAAGTTGGACATCACCTCCCACAACGAGGACTACACCATCGTGGAACAGTACGAACGCGCCGAGGGCCGCCACTCCACCGGCGGCATGGACGAGCTGTACAAGTAA,GGTCTCAAATGGTGAGCAAGGGCGAAGAAGATAACATGGCCATCATCAAGGAGTTCATGCGCTTCAAGGTGCACATGGAGGGCTCCGTGAACGGCCACGAGTTCGAGATCGAGGGCGAGGGCGAGGGCCGCCCCTACGAGGGCACCCAGACCGCCAAGCTGAAGGTGACCAAGGGTGGCCCCCTGCCCTTCGCCTGGGACATCCTGTCCCCTCAGTTCATGTACGGCTCCAAGGCCTACGTGAAGCACCCCGCCGACATCCCCGACTACTTGAAGCTGTCCTTCCCCGAGGGCTTCAAGTGGGAGCGCGTGATGAACTTCGAGGACGGCGGCGTGGTGACCGTGACCCAGGACTCCTCCCTGCAGGACGGCGAGTTCATCTACAAGGTGAAGCTGCGCGGCACCAACTTCCCCTCCGACGGCCCCGTAATGCAGAAGAAGACCATGGGCTGGGAGGCCTCCTCCGAGCGGATGTACCCCGAGGACGGCGCCCTGAAGGGCGAGATCAAGCAGAGGCTGAAGCTGAAGGACGGCGGCCACTACGACGCTGAGGTCAAGACCACCTACAAGGCCAAGAAGCCCGTGCAGCTGCCCGGCGCCTACAACGTCAACATCAAGTTGGACATCACCTCCCACAACGAGGACTACACCATCGTGGAACAGTACGAACGCGCCGAGGGCCGCCACTCCACCGGCGGCATGGACGAGCTGTACAAGTAAGCTTTGAGACC
22,dTomato,ATGGTGAGCAAGGGCGAGGAGGTCATCAAAGAGTTCATGCGCTTCAAGGTGCGCATGGAGGGCTCCATGAACGGCCACGAGTTCGAGATCGAGGGCGAGGGCGAGGGCCGCCCCTACGAGGGCACCCAGACCGCCAAGCTGAAGGTGACCAAGGGCGGCCCCCTGCCCTTCGCCTGGGACATCCTGTCCCCCCAGTTCATGTACGGCTCCAAGGCGTACGTGAAGCACCCCGCCGACATCCCCGATTACAAGAAGCTGTCCTTCCCCGAGGGCTTCAAGTGGGAGCGCGTGATGAACTTCGAGGACGGCGGTCTGGTGACCGTGACCCAGGACTCCTCCCTGCAGGACGGCACGCTGATCTACAAGGTGAAGATGCGCGGCACCAACTTCCCCCCCGACGGCCCCGTAATGCAGAAGAAGACCATGGGCTGGGAGGCCTCCACCGAGCGCCTGTACCCCCGCGACGGCGTGCTGAAGGGCGAGATCCACCAGGCCCTGAAGCTGAAGGACGGCGGCCACTACCTGGTGGAGTTCAAGACCATCTACATGGCCAAGAAGCCCGTGCAACTGCCCGGCTACTACTACGTGGACACCAAGCTGGACATCACCTCCCACAACGAGGACTACACCATCGTGGAACAGTACGAGCGCTCCGAGGGCCGCCACCACCTGTTCCTGTACGGCATGGACGAGCTGTACAAGTAA,GGTCTCAAATGGTGAGCAAGGGCGAGGAGGTCATCAAAGAGTTCATGCGCTTCAAGGTGCGCATGGAGGGCTCCATGAACGGCCACGAGTTCGAGATCGAGGGCGAGGGCGAGGGCCGCCCCTACGAGGGCACCCAGACCGCCAAGCTGAAGGTGACCAAGGGCGGCCCCCTGCCCTTCGCCTGGGACATCCTGTCCCCCCAGTTCATGTACGGCTCCAAGGCGTACGTGAAGCACCCCGCCGACATCCCCGATTACAAGAAGCTGTCCTTCCCCGAGGGCTTCAAGTGGGAGCGCGTGATGAACTTCGAGGACGGCGGTCTGGTGACCGTGACCCAGGACTCCTCCCTGCAGGACGGCACGCTGATCTACAAGGTGAAGATGCGCGGCACCAACTTCCCCCCCGACGGCCCCGTAATGCAGAAGAAGACCATGGGCTGGGAGGCCTCCACCGAGCGCCTGTACCCCCGCGACGGCGTGCTGAAGGGCGAGATCCACCAGGCCCTGAAGCTGAAGGACGGCGGCCACTACCTGGTGGAGTTCAAGACCATCTACATGGCCAAGAAGCCCGTGCAACTGCCCGGCTACTACTACGTGGACACCAAGCTGGACATCACCTCCCACAACGAGGACTACACCATCGTGGAACAGTACGAGCGCTCCGAGGGCCGCCACCACCTGTTCCTGTACGGCATGGACGAGCTGTACAAGTAAGCTTTGAGACC
23,TagRFP-T,ATGGTGTCTAAGGGCGAAGAGCTGATTAAGGAGAACATGCACATGAAGCTGTACATGGAGGGCACCGTGAACAACCACCACTTCAAGTGCACATCCGAGGGCGAAGGCAAGCCCTACGAGGGCACCCAGACCATGAGAATCAAGGTGGTCGAGGGCGGCCCTCTCCCCTTCGCCTTCGACATCCTGGCTACCAGCTTCATGTACGGCAGCAGAACCTTCATCAACCACACCCAGGGCATCCCCGACTTCTTTAAGCAGTCCTTCCCTGAGGGCTTCACATGGGAGAGAGTCACCACATACGAAGACGGGGGCGTGCTGACCGCTACCCAGGACACCAGCCTCCAGGACGGCTGCCTCATCTACAACGTCAAGATCAGAGGGGTGAACTTCCCATCCAACGGCCCTGTGATGCAGAAGAAAACACTCGGCTGGGAGGCCAACACCGAGATGCTGTACCCCGCTGACGGCGGCCTGGAAGGCAGAACCGACATGGCCCTGAAGCTCGTGGGCGGGGGCCACCTGATCTGCAACTTCAAGACCACATACAGATCCAAGAAACCCGCTAAGAACCTCAAGATGCCCGGCGTCTACTATGTGGACCACAGACTGGAAAGAATCAAGGAGGCCGACAAAGAGACCTACGTCGAGCAGCACGAGGTGGCTGTGGCCAGATACTGCGACCTCCCTAGCAAACTGGGGCACAAACTTAATGGCATGGACGAGCTGTACAAGTAA,GGTCTCAAATGGTGTCTAAGGGCGAAGAGCTGATTAAGGAGAACATGCACATGAAGCTGTACATGGAGGGCACCGTGAACAACCACCACTTCAAGTGCACATCCGAGGGCGAAGGCAAGCCCTACGAGGGCACCCAGACCATGAGAATCAAGGTGGTCGAGGGCGGCCCTCTCCCCTTCGCCTTCGACATCCTGGCTACCAGCTTCATGTACGGCAGCAGAACCTTCATCAACCACACCCAGGGCATCCCCGACTTCTTTAAGCAGTCCTTCCCTGAGGGCTTCACATGGGAGAGAGTCACCACATACGAAGACGGGGGCGTGCTGACCGCTACCCAGGACACCAGCCTCCAGGACGGCTGCCTCATCTACAACGTCAAGATCAGAGGGGTGAACTTCCCATCCAACGGCCCTGTGATGCAGAAGAAAACACTCGGCTGGGAGGCCAACACCGAGATGCTGTACCCCGCTGACGGCGGCCTGGAAGGCAGAACCGACATGGCCCTGAAGCTCGTGGGCGGGGGCCACCTGATCTGCAACTTCAAGACCACATACAGATCCAAGAAACCCGCTAAGAACCTCAAGATGCCCGGCGTCTACTATGTGGACCACAGACTGGAAAGAATCAAGGAGGCCGACAAAGAGACCTACGTCGAGCAGCACGAGGTGGCTGTGGCCAGATACTGCGACCTCCCTAGCAAACTGGGGCACAAACTTAATGGCATGGACGAGCTGTACAAGTAAGCTTTGAGACC
24,mApple,ATGGTGAGCAAGGGCGAGGAGAATAACATGGCCATCATCAAGGAGTTCATGCGCTTCAAGGTGCACATGGAGGGCTCCGTGAACGGCCACGAGTTCGAGATCGAGGGCGAGGGCGAGGGCCGCCCCTACGAGGCCTTTCAGACCGCTAAGCTGAAGGTGACCAAGGGTGGCCCCCTGCCCTTCGCCTGGGACATCCTGTCCCCTCAGTTCATGTACGGCTCCAAGGTCTACATTAAGCACCCAGCCGACATCCCCGACTACTTCAAGCTGTCCTTCCCCGAGGGCTTCAGGTGGGAGCGCGTGATGAACTTCGAGGACGGCGGCATTATTCACGTTAACCAGGACTCCTCCCTGCAGGACGGCGTGTTCATCTACAAGGTGAAGCTGCGCGGCACCAACTTCCCCTCCGACGGCCCCGTAATGCAGAAGAAGACCATGGGCTGGGAGGCCTCCGAGGAGCGGATGTACCCCGAGGACGGCGCCCTGAAGAGCGAGATCAAGAAGAGGCTGAAGCTGAAGGACGGCGGCCACTACGCCGCCGAGGTCAAGACCACCTACAAGGCCAAGAAGCCCGTGCAGCTGCCCGGCGCCTACATCGTCGACATCAAGTTGGACATCGTGTCCCACAACGAGGACTACACCATCGTGGAACAGTACGAACGCGCCGAGGGCCGCCACTCCACCGGCGGCATGGACGAGCTGTACAAGTAA,GGTCTCAAATGGTGAGCAAGGGCGAGGAGAATAACATGGCCATCATCAAGGAGTTCATGCGCTTCAAGGTGCACATGGAGGGCTCCGTGAACGGCCACGAGTTCGAGATCGAGGGCGAGGGCGAGGGCCGCCCCTACGAGGCCTTTCAGACCGCTAAGCTGAAGGTGACCAAGGGTGGCCCCCTGCCCTTCGCCTGGGACATCCTGTCCCCTCAGTTCATGTACGGCTCCAAGGTCTACATTAAGCACCCAGCCGACATCCCCGACTACTTCAAGCTGTCCTTCCCCGAGGGCTTCAGGTGGGAGCGCGTGATGAACTTCGAGGACGGCGGCATTATTCACGTTAACCAGGACTCCTCCCTGCAGGACGGCGTGTTCATCTACAAGGTGAAGCTGCGCGGCACCAACTTCCCCTCCGACGGCCCCGTAATGCAGAAGAAGACCATGGGCTGGGAGGCCTCCGAGGAGCGGATGTACCCCGAGGACGGCGCCCTGAAGAGCGAGATCAAGAAGAGGCTGAAGCTGAAGGACGGCGGCCACTACGCCGCCGAGGTCAAGACCACCTACAAGGCCAAGAAGCCCGTGCAGCTGCCCGGCGCCTACATCGTCGACATCAAGTTGGACATCGTGTCCCACAACGAGGACTACACCATCGTGGAACAGTACGAACGCGCCGAGGGCCGCCACTCCACCGGCGGCATGGACGAGCTGTACAAGTAAGCTTTGAGACC
25,mRuby,ATGAACAGCCTGATCAAAGAAAACATGCGGATGAAGGTGGTGCTGGAAGGCAGCGTGAACGGCCACCAGTTCAAGTGCACCGGCGAGGGCGAGGGCAACCCCTACATGGGCACCCAGACCATGCGGATCAAAGTGATCGAGGGCGGACCTCTGCCCTTCGCCTTCGACATCCTGGCCACATCCTTCATGTACGGCAGCCGGACCTTCATCAAGTACCCCAAGGGCATCCCCGATTTCTTCAAGCAGAGCTTCCCCGAGGGCTTCACCTGGGAGAGAGTGACCAGATACGAGGACGGCGGCGTGATCACCGTGATGCAGGACACCAGCCTGGAAGATGGCTGCCTGGTGTACCATGCCCAGGTCAGGGGCGTGAATTTTCCCAGCAACGGCGCCGTGATGCAGAAGAAAACCAAGGGCTGGGAGCCCAACACCGAGATGATGTACCCCGCTGACGGCGGACTGAGAGGCTACACCCACATGGCCCTGAAGGTGGACGGCGGAGGGCACCTGAGCTGCAGCTTCGTGACCACCTACCGATCCAAGAAAACCGTGGGCAACATCAAGATGCCCGGCATCCACGCCGTGGACCACCGGCTGGAAAGGCTGGAAGAGTCCGACAACGAGATGTTCGTGGTGCAGCGGGAGCACGCCGTGGCCAAGTTCGCCGGCCTGGGCGGAGGGTAA,GGTCTCAAATGAACAGCCTGATCAAAGAAAACATGCGGATGAAGGTGGTGCTGGAAGGCAGCGTGAACGGCCACCAGTTCAAGTGCACCGGCGAGGGCGAGGGCAACCCCTACATGGGCACCCAGACCATGCGGATCAAAGTGATCGAGGGCGGACCTCTGCCCTTCGCCTTCGACATCCTGGCCACATCCTTCATGTACGGCAGCCGGACCTTCATCAAGTACCCCAAGGGCATCCCCGATTTCTTCAAGCAGAGCTTCCCCGAGGGCTTCACCTGGGAGAGAGTGACCAGATACGAGGACGGCGGCGTGATCACCGTGATGCAGGACACCAGCCTGGAAGATGGCTGCCTGGTGTACCATGCCCAGGTCAGGGGCGTGAATTTTCCCAGCAACGGCGCCGTGATGCAGAAGAAAACCAAGGGCTGGGAGCCCAACACCGAGATGATGTACCCCGCTGACGGCGGACTGAGAGGCTACACCCACATGGCCCTGAAGGTGGACGGCGGAGGGCACCTGAGCTGCAGCTTCGTGACCACCTACCGATCCAAGAAAACCGTGGGCAACATCAAGATGCCCGGCATCCACGCCGTGGACCACCGGCTGGAAAGGCTGGAAGAGTCCGACAACGAGATGTTCGTGGTGCAGCGGGAGCACGCCGTGGCCAAGTTCGCCGGCCTGGGCGGAGGGTAAGCTTTGAGACC
26,ClpXP,ATGTCATACAGCGGCGAACGAGATAACTTTGCACCCCATATGGCGCTGGTGCCGATGGTCATTGAACAGACCTCACGCGGTGAGCGCTCTTTTGATATCTATTCTCGTCTACTTAAGGAACGCGTCATTTTTCTGACTGGCCAGGTTGAAGACCACATGGCTAACCTGATTGTGGCGCAGATGCTGTTCCTGGAAGCGGAAAACCCAGAAAAAGATATCTATCTGTACATTAACTCCCCAGGCGGGGTGATCACTGCCGGGATGTCTATCTATGACACCATGCAGTTTATCAAGCCTGATGTCAGCACCATCTGTATGGGCCAGGCGGCCTCGATGGGCGCTTTCTTGCTGACCGCAGGGGCAAAAGGTAAACGTTTTTGCCTGCCGAATTCGCGCGTGATGATTCACCAACCGTTGGGCGGCTACCAGGGCCAGGCGACCGATATCGAAATTCATGCCCGTGAAATTCTGAAAGTTAAAGGGCGCATGAATGAACTTATGGCGCTTCATACGGGTCAATCATTAGAACAGATTGAACGTGATACCGAGCGCGATCGCTTCCTTTCCGCCCCTGAAGCGGTGGAATACGGTCTGGTCGATTCGATTCTGACCCATCGTAATTGATGCCAGAGGCGCAACTGTGCCGCTATACTTATCCAGGGCGGCACAACGCTGTAAGCGGCTTGCGCCTGAGAATGGCATTTGCGTCGTCGTGTGCGGCACAAAGAACAAAGAAGAGGTTTTGACCCATGACAGATAAACGCAAAGATGGCTCAGGCAAATTGCTGTATTGCTCTTTTTGCGGCAAAAGCCAGCATGAAGTGCGCAAGCTGATTGCCGGTCCATCCGTGTATATCTGCGACGAATGTGTTGATTTATGTAACGACATCATTCGCGAAGAGATTAAAGAAGTTGCACCGCATCGTGAACGCAGTGCGCTACCGACGCCGCATGAAATTCGCAACCACCTGGACGATTACGTTATCGGCCAGGAACAGGCGAAAAAAGTGCTGGCGGTCGCGGTATACAACCATTACAAACGTCTGCGCAACGGCGATACCAGCAATGGCGTCGAGTTGGGCAAAAGTAACATTCTGCTGATCGGTCCGACCGGTTCCGGTAAAACGCTGCTGGCTGAAACGCTGGCGCGCCTGCTGGATGTTCCGTTCACCATGGCCGACGCGACTACACTGACCGAAGCCGGTTATGTGGGTGAAGACGTTGAAAACATCATTCAGAAGCTGTTGCAGAAATGCGACTACGATGTCCAGAAAGCACAGCGTGGTATTGTCTACATCGATGAAATCGACAAGATTTCTCGTAAGTCAGACAACCCGTCCATTACCCGAGACGTTTCCGGTGAAGGCGTACAGCAGGCACTGTTGAAACTGATCGAAGGTACGGTAGCTGCTGTTCCACCGCAAGGTGGGCGTAAACATCCGCAGCAGGAATTCTTGCAGGTTGATACCTCTAAGATCCTGTTTATTTGTGGCGGTGCGTTTGCCGGTCTGGATAAAGTGATTTCCCACCGTGTAGAAACCGGCTCCGGCATTGGTTTTGGCGCGACGGTAAAAGCGAAGTCCGACAAAGCAAGCGAAGGCGAGCTGCTGGCGCAGGTTGAACCGGAAGATCTGATCAAGTTTGGTCTTATCCCTGAGTTTATTGGTCGTCTGCCGGTTGTCGCAACGTTGAATGAACTGAGCGAAGAAGCTCTGATTCAGATCCTCAAAGAGCCGAAAAACGCCCTGACCAAGCAGTATCAGGCGCTGTTTAATCTGGAAGGCGTGGATCTGGAATTCCGTGACGAGGCGCTGGATGCTATCGCTAAGAAAGCGATGGCGCGTAAAACCGGTGCCCGTGGCCTGCGTTCCATCGTAGAAGCCGCACTGCTCGATACCATGTACGATCTGCCGTCCATGGAAGACGTCGAAAAAGTGGTTATCGACGAGTCGGTAATTGATGGTCAAAGCAAACCGTTGCTGATTTATGGCAAGCCGGAAGCGCAACAGGCATCTGGTGAATAA,GGTCTCAAATGTCATACAGCGGCGAACGAGATAACTTTGCACCCCATATGGCGCTGGTGCCGATGGTCATTGAACAGACCTCACGCGGTGAGCGCTCTTTTGATATCTATTCTCGTCTACTTAAGGAACGCGTCATTTTTCTGACTGGCCAGGTTGAAGACCACATGGCTAACCTGATTGTGGCGCAGATGCTGTTCCTGGAAGCGGAAAACCCAGAAAAAGATATCTATCTGTACATTAACTCCCCAGGCGGGGTGATCACTGCCGGGATGTCTATCTATGACACCATGCAGTTTATCAAGCCTGATGTCAGCACCATCTGTATGGGCCAGGCGGCCTCGATGGGCGCTTTCTTGCTGACCGCAGGGGCAAAAGGTAAACGTTTTTGCCTGCCGAATTCGCGCGTGATGATTCACCAACCGTTGGGCGGCTACCAGGGCCAGGCGACCGATATCGAAATTCATGCCCGTGAAATTCTGAAAGTTAAAGGGCGCATGAATGAACTTATGGCGCTTCATACGGGTCAATCATTAGAACAGATTGAACGTGATACCGAGCGCGATCGCTTCCTTTCCGCCCCTGAAGCGGTGGAATACGGTCTGGTCGATTCGATTCTGACCCATCGTAATTGATGCCAGAGGCGCAACTGTGCCGCTATACTTATCCAGGGCGGCACAACGCTGTAAGCGGCTTGCGCCTGAGAATGGCATTTGCGTCGTCGTGTGCGGCACAAAGAACAAAGAAGAGGTTTTGACCCATGACAGATAAACGCAAAGATGGCTCAGGCAAATTGCTGTATTGCTCTTTTTGCGGCAAAAGCCAGCATGAAGTGCGCAAGCTGATTGCCGGTCCATCCGTGTATATCTGCGACGAATGTGTTGATTTATGTAACGACATCATTCGCGAAGAGATTAAAGAAGTTGCACCGCATCGTGAACGCAGTGCGCTACCGACGCCGCATGAAATTCGCAACCACCTGGACGATTACGTTATCGGCCAGGAACAGGCGAAAAAAGTGCTGGCGGTCGCGGTATACAACCATTACAAACGTCTGCGCAACGGCGATACCAGCAATGGCGTCGAGTTGGGCAAAAGTAACATTCTGCTGATCGGTCCGACCGGTTCCGGTAAAACGCTGCTGGCTGAAACGCTGGCGCGCCTGCTGGATGTTCCGTTCACCATGGCCGACGCGACTACACTGACCGAAGCCGGTTATGTGGGTGAAGACGTTGAAAACATCATTCAGAAGCTGTTGCAGAAATGCGACTACGATGTCCAGAAAGCACAGCGTGGTATTGTCTACATCGATGAAATCGACAAGATTTCTCGTAAGTCAGACAACCCGTCCATTACCCGAGACGTTTCCGGTGAAGGCGTACAGCAGGCACTGTTGAAACTGATCGAAGGTACGGTAGCTGCTGTTCCACCGCAAGGTGGGCGTAAACATCCGCAGCAGGAATTCTTGCAGGTTGATACCTCTAAGATCCTGTTTATTTGTGGCGGTGCGTTTGCCGGTCTGGATAAAGTGATTTCCCACCGTGTAGAAACCGGCTCCGGCATTGGTTTTGGCGCGACGGTAAAAGCGAAGTCCGACAAAGCAAGCGAAGGCGAGCTGCTGGCGCAGGTTGAACCGGAAGATCTGATCAAGTTTGGTCTTATCCCTGAGTTTATTGGTCGTCTGCCGGTTGTCGCAACGTTGAATGAACTGAGCGAAGAAGCTCTGATTCAGATCCTCAAAGAGCCGAAAAACGCCCTGACCAAGCAGTATCAGGCGCTGTTTAATCTGGAAGGCGTGGATCTGGAATTCCGTGACGAGGCGCTGGATGCTATCGCTAAGAAAGCGATGGCGCGTAAAACCGGTGCCCGTGGCCTGCGTTCCATCGTAGAAGCCGCACTGCTCGATACCATGTACGATCTGCCGTCCATGGAAGACGTCGAAAAAGTGGTTATCGACGAGTCGGTAATTGATGGTCAAAGCAAACCGTTGCTGATTTATGGCAAGCCGGAAGCGCAACAGGCATCTGGTGAATAAGCTTTGAGACC
27,S19,atgtctgaccgcgccactaccacagcttccttaacgttcgagtcgctttatggcacacatcacggctggttgaaaagctggctgacgcgcaaactccagtctgcttttgatgcagatgacattgcccaggacacttttttgcgggtaatggtcagcgaaacgctctcgacgatccgcgatcctcgctccttcctctgcactatcgccaaacgcgtgatggtggacctgtttcgccgaaacgcgctggaaaaagcgtatctggagatgctggcgcttatgccggaggggggagcgccttcacctgaggaacgcgaaagccaactcgagaccctacaactcctcgacagcatgctggacgggctaaacggcaaaacacgtgaagcgtttctgctttcgcaactggatggtctgacatacagcgagattgcgcacaaactcggtgtttccatcagctccgtgaaaaaatacgtggcgaaagccgtcgagcactgcctgctgttccgtctggagtatgggttatga,GGTCTCAAatgtctgaccgcgccactaccacagcttccttaacgttcgagtcgctttatggcacacatcacggctggttgaaaagctggctgacgcgcaaactccagtctgcttttgatgcagatgacattgcccaggacacttttttgcgggtaatggtcagcgaaacgctctcgacgatccgcgatcctcgctccttcctctgcactatcgccaaacgcgtgatggtggacctgtttcgccgaaacgcgctggaaaaagcgtatctggagatgctggcgcttatgccggaggggggagcgccttcacctgaggaacgcgaaagccaactcgagaccctacaactcctcgacagcatgctggacgggctaaacggcaaaacacgtgaagcgtttctgctttcgcaactggatggtctgacatacagcgagattgcgcacaaactcggtgtttccatcagctccgtgaaaaaatacgtggcgaaagccgtcgagcactgcctgctgttccgtctggagtatgggttatgaGCTTTGAGACC
28,S24,atgagcgagcagttaacggaccaggtcctggttgaacgggtccagaagggagatcagaaagcctttaacttactggtagtgcgctatcagcataaagtggcgagtctggtttcccgctatgtgccgtcgggtgatgttcccgatgtggtacaagaagcttttattaaagcctatcgtgcgctggattcgttccggggagatagcgctttttatacatggctgtatcggattgctgtaaatacagcgaaaaattacctggttgctcaggggcgtcgtccaccttccagtgatgtggatgccattgaagctgaaaacttcgaaagtggcggcgcgttgaaagaaatttcgaaccctgagaacttaatgttgtcagaagaactgagacagatagttttccgaactattgagtccctcccggaagatttacgcatggcaataaccttgcgggagctggatggcctgagctatgaagagatagccgctatcatggattgtccggtaggtacggtgcgttcacgtatcttccgagcgagggaagctattgataacaaagttcaaccgcttatcaggcgttga,GGTCTCAAatgagcgagcagttaacggaccaggtcctggttgaacgggtccagaagggagatcagaaagcctttaacttactggtagtgcgctatcagcataaagtggcgagtctggtttcccgctatgtgccgtcgggtgatgttcccgatgtggtacaagaagcttttattaaagcctatcgtgcgctggattcgttccggggagatagcgctttttatacatggctgtatcggattgctgtaaatacagcgaaaaattacctggttgctcaggggcgtcgtccaccttccagtgatgtggatgccattgaagctgaaaacttcgaaagtggcggcgcgttgaaagaaatttcgaaccctgagaacttaatgttgtcagaagaactgagacagatagttttccgaactattgagtccctcccggaagatttacgcatggcaataaccttgcgggagctggatggcctgagctatgaagagatagccgctatcatggattgtccggtaggtacggtgcgttcacgtatcttccgagcgagggaagctattgataacaaagttcaaccgcttatcaggcgttgaGCTTTGAGACC
29,S28,Atgaattcactctataccgctgaaggtgtaatggataaacactcgctgtggcagcgttatgtcccgctggtgcgtcacgaagcattgcgcctgcaggttcgactgcccgcgagcgtggaacttgacgatctgctacaggcgggcggcattgggttacttaatgccgtcgaacgctatgacgccctacaaggaacggcatttacaacttacgcagtgcagcgtatccgtggcgctatgctggatgaacttcgcagccgtgactgggtgccgcgcagcgtgcgacgcaacgcgcgtgaagtggcacaggcaatagggcaactggagcaggaacttggccgcaacgccacggaaactgaggtagcggaacgtttagggatcgatattgccgattatcgccaaatgttgctcgacaccaataacagccagctcttctcctacgatgagtggcgcgaagagcacggcgatagcatcgaactggttactgatgatcatcagcgagaaaacccgctacaacaactactggacagtaatctgcgccagcgggtgatggaagccatcgaaacgttgccggagcgcgaaaaactggtattaaccctctattaccaggaagagctgaatctcaaagagattggcgcggtgctggaggtcggggaatcgcgggtcagtcagttacacagccaggctattaaacggttacgcactaaactgggtaagttataa,GGTCTCAAAtgaattcactctataccgctgaaggtgtaatggataaacactcgctgtggcagcgttatgtcccgctggtgcgtcacgaagcattgcgcctgcaggttcgactgcccgcgagcgtggaacttgacgatctgctacaggcgggcggcattgggttacttaatgccgtcgaacgctatgacgccctacaaggaacggcatttacaacttacgcagtgcagcgtatccgtggcgctatgctggatgaacttcgcagccgtgactgggtgccgcgcagcgtgcgacgcaacgcgcgtgaagtggcacaggcaatagggcaactggagcaggaacttggccgcaacgccacggaaactgaggtagcggaacgtttagggatcgatattgccgattatcgccaaatgttgctcgacaccaataacagccagctcttctcctacgatgagtggcgcgaagagcacggcgatagcatcgaactggttactgatgatcatcagcgagaaaacccgctacaacaactactggacagtaatctgcgccagcgggtgatggaagccatcgaaacgttgccggagcgcgaaaaactggtattaaccctctattaccaggaagagctgaatctcaaagagattggcgcggtgctggaggtcggggaatcgcgggtcagtcagttacacagccaggctattaaacggttacgcactaaactgggtaagttataaGCTTTGAGACC
30,S32,atgactgacaaaatgcaaagtttagctttagccccagttggcaacctggattcctacatccgggcagctaacgcgtggccgatgttgtcggctgacgaggagcgggcgctggctgaaaagctgcattaccatggcgatctggaagcagctaaaacgctgatcctgtctcacctgcggtttgttgttcatattgctcgtaattatgcgggctatggcctgccacaggcggatttgattcaggaaggtaacatcggcctgatgaaagcagtgcgccgtttcaacccggaagtgggtgtgcgcctggtctccttcgccgttcactggatcaaagcagagatccacgaatacgttctgcgtaactggcgtatcgtcaaagttgcgaccaccaaagcgcagcgcaaactgttcttcaacctgcgtaaaaccaagcagcgtctgggctggtttaaccaggatgaagtcgaaatggtggcccgtgaactgggcgtaaccagcaaagacgtacgtgagatggaatcacgtatggcggcacaggacatgacctttgacctgtcttccgacgacgattccgacagccagccgatggctccggtgctctatctgcaggataaatcatctaactttgccgacggcattgaagatgataactgggaagagcaggcggcaaaccgtctgaccgacgcgatgcagggtctggacgaacgcagccaggacatcatccgtgcgcgctggctggacgaagacaacaagtccacgttgcaggaactggctgaccgttacggcgtttccgctgagcgtgtacgccagctggaaaagaacgcgatgaaaaaattgcgtgctgccattgaagcgtaa,GGTCTCAAatgactgacaaaatgcaaagtttagctttagccccagttggcaacctggattcctacatccgggcagctaacgcgtggccgatgttgtcggctgacgaggagcgggcgctggctgaaaagctgcattaccatggcgatctggaagcagctaaaacgctgatcctgtctcacctgcggtttgttgttcatattgctcgtaattatgcgggctatggcctgccacaggcggatttgattcaggaaggtaacatcggcctgatgaaagcagtgcgccgtttcaacccggaagtgggtgtgcgcctggtctccttcgccgttcactggatcaaagcagagatccacgaatacgttctgcgtaactggcgtatcgtcaaagttgcgaccaccaaagcgcagcgcaaactgttcttcaacctgcgtaaaaccaagcagcgtctgggctggtttaaccaggatgaagtcgaaatggtggcccgtgaactgggcgtaaccagcaaagacgtacgtgagatggaatcacgtatggcggcacaggacatgacctttgacctgtcttccgacgacgattccgacagccagccgatggctccggtgctctatctgcaggataaatcatctaactttgccgacggcattgaagatgataactgggaagagcaggcggcaaaccgtctgaccgacgcgatgcagggtctggacgaacgcagccaggacatcatccgtgcgcgctggctggacgaagacaacaagtccacgttgcaggaactggctgaccgttacggcgtttccgctgagcgtgtacgccagctggaaaagaacgcgatgaaaaaattgcgtgctgccattgaagcgtaaGCTTTGAGACC
31,S38,atgagtcagaatacgctgaaagttcatgatttaaatgaagatgcggaatttgatgagaacggagttgaggtttttgacgaaaaggccttagtagaacaggaacccagtgataacgatttggccgaagaggaactgttatcgcagggagccacacagcgtgtgttggacgcgactcagctttaccttggtgagattggttattcaccactgttaacggccgaagaagaagtttattttgcgcgtcgcgcactgcgtggagatgtcgcctctcgccgccggatgatcgagagtaacttgcgtctggtggtaaaaattgcccgccgttatggcaatcgtggtctggcgttgctggaccttatcgaagagggcaacctggggctgatccgcgcggtagagaagtttgacccggaacgtggtttccgcttctcaacatacgcaacctggtggattcgccagacgattgaacgggcgattatgaaccaaacccgtactattcgtttgccgattcacatcgtaaaggagctgaacgtttacctgcgaaccgcacgtgagttgtcccataagctggaccatgaaccaagtgcggaagagatcgcagagcaactggataagccagttgatgacgtcagccgtatgcttcgtcttaacgagcgcattacctcggtagacaccccgctgggtggtgattccgaaaaagcgttgctggacatcctggccgatgaaaaagagaacggtccggaagataccacgcaagatgacgatatgaagcagagcatcgtcaaatggctgttcgagctgaacgccaaacagcgtgaagtgctggcacgtcgattcggtttgctggggtacgaagcggcaacactggaagatgtaggtcgtgaaattggcctcacccgtgaacgtgttcgccagattcaggttgaaggcctgcgccgtttgcgcgaaatcctgcaaacgcaggggctgaatatcgaagcgctgttccgcgagtaa,GGTCTCAAatgagtcagaatacgctgaaagttcatgatttaaatgaagatgcggaatttgatgagaacggagttgaggtttttgacgaaaaggccttagtagaacaggaacccagtgataacgatttggccgaagaggaactgttatcgcagggagccacacagcgtgtgttggacgcgactcagctttaccttggtgagattggttattcaccactgttaacggccgaagaagaagtttattttgcgcgtcgcgcactgcgtggagatgtcgcctctcgccgccggatgatcgagagtaacttgcgtctggtggtaaaaattgcccgccgttatggcaatcgtggtctggcgttgctggaccttatcgaagagggcaacctggggctgatccgcgcggtagagaagtttgacccggaacgtggtttccgcttctcaacatacgcaacctggtggattcgccagacgattgaacgggcgattatgaaccaaacccgtactattcgtttgccgattcacatcgtaaaggagctgaacgtttacctgcgaaccgcacgtgagttgtcccataagctggaccatgaaccaagtgcggaagagatcgcagagcaactggataagccagttgatgacgtcagccgtatgcttcgtcttaacgagcgcattacctcggtagacaccccgctgggtggtgattccgaaaaagcgttgctggacatcctggccgatgaaaaagagaacggtccggaagataccacgcaagatgacgatatgaagcagagcatcgtcaaatggctgttcgagctgaacgccaaacagcgtgaagtgctggcacgtcgattcggtttgctggggtacgaagcggcaacactggaagatgtaggtcgtgaaattggcctcacccgtgaacgtgttcgccagattcaggttgaaggcctgcgccgtttgcgcgaaatcctgcaaacgcaggggctgaatatcgaagcgctgttccgcgagtaaGCTTTGAGACC
32,S54,atgaagcaaggtttgcaactcaggcttagccaacaactggcgatgacgccacagctccaacaggcaattcgtctgttgcagttgtcgacgctggaacttcagcaggagctacagcaggcgctggagagtaatccgctgcttgagcaaatcgacactcatgaagaaatcgacacccgcgaaacgcaagacagtgaaacgctggacaccgccgacgcgctcgaacaaaaagagatgccggaagagctgccgctcgatgccagttgggacaccatttacaccgctggtacaccatccggcaccagcggtgactacattgacgacgagctgccggtctaccagggcgaaacgacgcagaccttgcaggattacctgatgtggcaggttgagctgacaccgttttccgacactgaccgcgctattgctacctctatcgtcgatgccgttgatgaaaccggttatctgactgtcccgctggaagatattctcgaaagtataggcgatgaagagatcgacatcgacgaagttgaagccgtccttaagcggatccaacggtttgatccggtcggtgtggcggcaaaagatctgcgtgactgtctgctgatccaactctcccaattcgataagaccacgccgtggctggaagaggccagactgatcattagcgatcatctcgatctgttagccaatcacgacttccgcactttaatgcgcgtcacgcgtctgaaagaagatgtgctgaaagaagccgtcaatctgatccagtcgctcgatccgcgccccgggcagtcgatccagactggcgaacctgagtatgtcattccagatgtgctggtgcgtaagcataacggtcactggacggtagaactcaacagtgacagcattccgcgtctgcaaatcaaccagcactacgcctcgatgtgcaataacgcgcgcaacgatggtgacagccagtttatccgcagcaatctgcaggatgccaaatggttgatcaagagtctggaaagccgtaacgatacgctactgcgcgtgagtcgctgtatcgttgaacagcagcaagccttctttgagcaaggtgaagaatatatgaaaccgatggtactggccgatatcgcccaggctgtcgaaatgcatgaatcgacgatatctcgcgtgaccacgcaaaaatacctgcatagtccacgaggcatttttgaactgaagtatttcttttccagtcacgtcaataccgagggcggcggcgaagcttcctccacggcgattcgtgcgctggtgaagaaattaatcgcggcggaaaacccagcgaaaccgttgagcgacagcaagttaacctctttgctgtcggaacaaggtatcatggtggcacgccgcactgttgcgaagtaccgagagtctttatccattccgccgtcaaaccagcgtaaacaactcgtttga,GGTCTCAAatgaagcaaggtttgcaactcaggcttagccaacaactggcgatgacgccacagctccaacaggcaattcgtctgttgcagttgtcgacgctggaacttcagcaggagctacagcaggcgctggagagtaatccgctgcttgagcaaatcgacactcatgaagaaatcgacacccgcgaaacgcaagacagtgaaacgctggacaccgccgacgcgctcgaacaaaaagagatgccggaagagctgccgctcgatgccagttgggacaccatttacaccgctggtacaccatccggcaccagcggtgactacattgacgacgagctgccggtctaccagggcgaaacgacgcagaccttgcaggattacctgatgtggcaggttgagctgacaccgttttccgacactgaccgcgctattgctacctctatcgtcgatgccgttgatgaaaccggttatctgactgtcccgctggaagatattctcgaaagtataggcgatgaagagatcgacatcgacgaagttgaagccgtccttaagcggatccaacggtttgatccggtcggtgtggcggcaaaagatctgcgtgactgtctgctgatccaactctcccaattcgataagaccacgccgtggctggaagaggccagactgatcattagcgatcatctcgatctgttagccaatcacgacttccgcactttaatgcgcgtcacgcgtctgaaagaagatgtgctgaaagaagccgtcaatctgatccagtcgctcgatccgcgccccgggcagtcgatccagactggcgaacctgagtatgtcattccagatgtgctggtgcgtaagcataacggtcactggacggtagaactcaacagtgacagcattccgcgtctgcaaatcaaccagcactacgcctcgatgtgcaataacgcgcgcaacgatggtgacagccagtttatccgcagcaatctgcaggatgccaaatggttgatcaagagtctggaaagccgtaacgatacgctactgcgcgtgagtcgctgtatcgttgaacagcagcaagccttctttgagcaaggtgaagaatatatgaaaccgatggtactggccgatatcgcccaggctgtcgaaatgcatgaatcgacgatatctcgcgtgaccacgcaaaaatacctgcatagtccacgaggcatttttgaactgaagtatttcttttccagtcacgtcaataccgagggcggcggcgaagcttcctccacggcgattcgtgcgctggtgaagaaattaatcgcggcggaaaacccagcgaaaccgttgagcgacagcaagttaacctctttgctgtcggaacaaggtatcatggtggcacgccgcactgttgcgaagtaccgagagtctttatccattccgccgtcaaaccagcgtaaacaactcgtttgaGCTTTGAGACC
33,cI,ATGAGCACAAAAAAGAAACCATTAACACAAGAGCAGCTTGAGGACGCACGTCGCCTTAAAGCAATTTATGAAAAAAAGAAAAATGAACTTGGCTTATCCCAGGAATCTGTCGCAGACAAGATGGGGATGGGGCAGTCAGGCGTTGGTGCTTTATTTAATGGCATCAATGCATTAAATGCTTATAACGCCGCATTGCTTGCAAAAATTCTCAAAGTTAGCGTTGAAGAATTTAGCCCTTCAATCGCCAGAGAAATCTACGAGATGTATGAAGCGGTTAGTATGCAGCCGTCACTTAGAAGTGAGTATGAGTACCCTGTTTTTTCTCATGTTCAGGCAGGGATGTTCTCACCTGAGCTTAGAACCTTTACCAAAGGTGATGCGGAGAGATGGGTAAGCACAACCAAAAAAGCCAGTGATTCTGCATTCTGGCTTGAGGTTGAAGGTAATTCCATGACCGCACCAACAGGCTCCAAGCCAAGCTTTCCTGACGGAATGTTAATTCTCGTTGACCCTGAGCAGGCTGTTGAGCCAGGTGATTTCTGCATAGCCAGACTTGGGGGTGATGAGTTTACCTTCAAGAAACTGATCAGGGATAGCGGTCAGGTGTTTTTACAACCACTAAACCCACAGTACCCAATGATCCCATGCAATGAGAGTTGTTCCGTTGTGGGGAAAGTTATCGCTAGTCAGTGGCCTGAAGAGACGTTTGGCTGA,GGTCTCAAATGAGCACAAAAAAGAAACCATTAACACAAGAGCAGCTTGAGGACGCACGTCGCCTTAAAGCAATTTATGAAAAAAAGAAAAATGAACTTGGCTTATCCCAGGAATCTGTCGCAGACAAGATGGGGATGGGGCAGTCAGGCGTTGGTGCTTTATTTAATGGCATCAATGCATTAAATGCTTATAACGCCGCATTGCTTGCAAAAATTCTCAAAGTTAGCGTTGAAGAATTTAGCCCTTCAATCGCCAGAGAAATCTACGAGATGTATGAAGCGGTTAGTATGCAGCCGTCACTTAGAAGTGAGTATGAGTACCCTGTTTTTTCTCATGTTCAGGCAGGGATGTTCTCACCTGAGCTTAGAACCTTTACCAAAGGTGATGCGGAGAGATGGGTAAGCACAACCAAAAAAGCCAGTGATTCTGCATTCTGGCTTGAGGTTGAAGGTAATTCCATGACCGCACCAACAGGCTCCAAGCCAAGCTTTCCTGACGGAATGTTAATTCTCGTTGACCCTGAGCAGGCTGTTGAGCCAGGTGATTTCTGCATAGCCAGACTTGGGGGTGATGAGTTTACCTTCAAGAAACTGATCAGGGATAGCGGTCAGGTGTTTTTACAACCACTAAACCCACAGTACCCAATGATCCCATGCAATGAGAGTTGTTCCGTTGTGGGGAAAGTTATCGCTAGTCAGTGGCCTGAAGAGACGTTTGGCTGAGCTTTGAGACC
34,tetR,atgtctagattagataaaagtaaagtgattaacagcgcattagagctgcttaatgaggtcggaatcgaaggtttaacaacccgtaaactcgcccagaagctaggtgtagagcagcctacattgtattggcatgtaaaaaataagcgggctttgctcgacgccttagccattgagatgttagataggcaccatactcacttttgccctttagaaggggaaagctggcaagattttttacgtaataacgctaaaagttttagatgtgctttactaagtcatcgcgatggagcaaaagtacatttaggtacacggcctacagaaaaacagtatgaaactctcgaaaatcaattagcctttttatgccaacaaggtttttcactagagaatgcattatatgcactcagcgctgtggggcattttactttaggttgcgtattggaagatcaagagcatcaagtcgctaaagaagaaagggaaacacctactactgatagtatgccgccattattacgacaagctatcgaattatttgatcaccaaggtgcagagccagccttcttattcggccttgaattgatcatatgcggattagaaaaacaacttaaatgtgaaagtgggtcttaa,GGTCTCAAatgtctagattagataaaagtaaagtgattaacagcgcattagagctgcttaatgaggtcggaatcgaaggtttaacaacccgtaaactcgcccagaagctaggtgtagagcagcctacattgtattggcatgtaaaaaataagcgggctttgctcgacgccttagccattgagatgttagataggcaccatactcacttttgccctttagaaggggaaagctggcaagattttttacgtaataacgctaaaagttttagatgtgctttactaagtcatcgcgatggagcaaaagtacatttaggtacacggcctacagaaaaacagtatgaaactctcgaaaatcaattagcctttttatgccaacaaggtttttcactagagaatgcattatatgcactcagcgctgtggggcattttactttaggttgcgtattggaagatcaagagcatcaagtcgctaaagaagaaagggaaacacctactactgatagtatgccgccattattacgacaagctatcgaattatttgatcaccaaggtgcagagccagccttcttattcggccttgaattgatcatatgcggattagaaaaacaacttaaatgtgaaagtgggtcttaaGCTTTGAGACC
35,tetR-ssrA,atgtctagattagataaaagtaaagtgattaacagcgcattagagctgcttaatgaggtcggaatcgaaggtttaacaacccgtaaactcgcccagaagctaggtgtagagcagcctacattgtattggcatgtaaaaaataagcgggctttgctcgacgccttagccattgagatgttagataggcaccatactcacttttgccctttagaaggggaaagctggcaagattttttacgtaataacgctaaaagttttagatgtgctttactaagtcatcgcgatggagcaaaagtacatttaggtacacggcctacagaaaaacagtatgaaactctcgaaaatcaattagcctttttatgccaacaaggtttttcactagagaatgcattatatgcactcagcgctgtggggcattttactttaggttgcgtattggaagatcaagagcatcaagtcgctaaagaagaaagggaaacacctactactgatagtatgccgccattattacgacaagctatcgaattatttgatcaccaaggtgcagagccagccttcttattcggccttgaattgatcatatgcggattagaaaaacaacttaaatgtgaaagtgggtctGCAGCAAACGACGAAAACTACGCTTTAGCTGCTTAA,GGTCTCAAatgtctagattagataaaagtaaagtgattaacagcgcattagagctgcttaatgaggtcggaatcgaaggtttaacaacccgtaaactcgcccagaagctaggtgtagagcagcctacattgtattggcatgtaaaaaataagcgggctttgctcgacgccttagccattgagatgttagataggcaccatactcacttttgccctttagaaggggaaagctggcaagattttttacgtaataacgctaaaagttttagatgtgctttactaagtcatcgcgatggagcaaaagtacatttaggtacacggcctacagaaaaacagtatgaaactctcgaaaatcaattagcctttttatgccaacaaggtttttcactagagaatgcattatatgcactcagcgctgtggggcattttactttaggttgcgtattggaagatcaagagcatcaagtcgctaaagaagaaagggaaacacctactactgatagtatgccgccattattacgacaagctatcgaattatttgatcaccaaggtgcagagccagccttcttattcggccttgaattgatcatatgcggattagaaaaacaacttaaatgtgaaagtgggtctGCAGCAAACGACGAAAACTACGCTTTAGCTGCTTAAGCTTTGAGACC
36,vioABCDE,ttaaggaggtaaaaaaaatgaaacattcttccgatatctgcattgttggtgctggtatttctggtttgacgtgcgcaagccatctgctggacagcccggcatgccgtggtctgagcctgcgtatctttgacatgcagcaagaagccggtggccgtatccgcagcaaaatgctggatggtaaggcaagcattgaactgggcgcaggtcgctactcccctcagttgcacccgcatttccaaagcgcaatgcagcactatagccaaaagagcgaagtctatccgttcacccagttgaagttcaaatctcacgtgcagcaaaagctgaagcgcgccatgaatgaactgtccccgcgtctgaaagagcatggtaaagagagctttttgcagtttgtcagccgttatcaaggtcacgatagcgcggttggtatgatccgctctatgggttacgacgcactgttcctgccggatatcagcgcagaaatggcctacgacattgtgggtaagcacccggagatccagagcgtgacggacaacgacgcgaaccaatggtttgcagcggaaacgggctttgctggtctgattcagggcatcaaggctaaggttaaggcggcaggtgcgcgttttagcctgggttatcgtctgctgagcgtccgtaccgacggtgacggctacctgctgcaactggcaggtgacgacggctggaaactggagcaccgtacccgccatctgattctggcgattccgccgagcgcgatggcgggtttgaatgttgattttccagaagcctggtccggtgcgcgctatggcagcctgccgctgtttaagggctttctgacgtacggtgagccgtggtggttggactacaaactggacgatcaggtgctgattgttgacaacccgctgcgcaaaatctatttcaaaggcgataagtacctgttcttctataccgatagcgagatggcgaattactggcgcggttgtgtcgcggagggcgaggacggttacctggagcaaattcgcacccatttggctagcgcactgggtatcgtccgtgaacgtatcccgcaaccgctggcacacgttcacaagtattgggcgcacggcgttgagttttgccgtgattctgatattgaccacccgagcgcactgtctcatcgcgacagcggtatcatcgcgtgctccgatgcgtacacggagcattgtggttggatggagggcggtctgctgagcgcccgtgaggcaagccgtctgctgttgcagcgtatcgccgcgtgattaaggaggtaaaaaaaatgagcattctggatttcccgcgtatccacttccgtggctgggcccgtgtcaatgcgccgaccgcgaaccgcgatccgcacggccacatcgatatggccagcaataccgtggcgatggcgggtgagccgttcgacctggcacgccatcctacggagttccaccgtcacctgcgctccctgggtccgcgcttcggcttggatggtcgtgctgacccggaaggcccgttcagcctggccgagggctacaacgctgccggtaacaaccacttttcgtgggagagcgcaaccgttagccacgtgcaatgggatggcggtgaggcggatcgtggtgacggtctggtcggtgctcgtttggcactgtggggtcactacaatgattatctgcgtaccaccttcaatcgtgctcgttgggtcgacagcgacccgacgcgccgtgacgctgcacaaatctatgcgggccaattcaccattagcccggctggtgccggtccgggtacgccgtggctgtttacggcagacattgatgatagccatggtgcacgttggacgcgtggcggccacattgcagagcgtggcggccacttcttggatgaagagtttggtctggcacgcctgtttcagttctctgtgccgaaagatcacccacattttctgtttcacccgggtccgtttgattccgaggcctggcgtcgtctgcaattggctctggaggatgacgacgttctgggtctgaccgtgcaatatgcgttgttcaatatgagcaccccgcctcagccgaacagcccggtttttcacgatatggtcggtgttgtcggtctgtggcgtcgtggtgaactggcgagctacccggctggtcgtctgctgcgtccgcgtcaaccgggtctgggtgacctgaccctgcgcgtcaacggtggtcgcgttgcgctgaatttggcgtgtgccattccgttcagcactcgtgccgcgcagccaagcgcaccggaccgcctgaccccggacctgggtgccaaactgccgctgggcgatctgctgctgcgtgatgaggacggcgcactgttggcacgtgtgccgcaggctctgtaccaagactattggacgaatcacggtattgtggacctgccgctgctgcgcgaaccgcgtggtagcttgaccctgagcagcgaactggcggagtggcgtgagcaagactgggtcacccaaagcgacgcgtctaacctgtacctggaggcaccggatcgccgtcacggtcgctttttccctgagagcatcgcgctgcgcagctactttcgcggtgaagcgcgtgcgcgtccggatatcccgcatcgtatcgagggcatgggcctggtcggcgtcgaatctcgtcaggatggcgacgctgcggaatggcgtctgacgggtctgcgtccgggtccggcacgcattgttctggacgatggtgccgaggcgatccctctgcgtgttctgcctgacgattgggcgctggatgacgcgaccgtcgaagaagtggattacgcctttttgtaccgccacgttatggcgtattacgagctggtgtatccattcatgagcgacaaggtgttttccctggctgatcgttgcaaatgtgaaacgtacgcacgtctgatgtggcagatgtgtgatccgcagaaccgcaacaagtcctattacatgccgagcacccgcgaactgtcggcaccgaaagctcgtttgttcttgaagtatctggcccacgtggaaggccaggcacgcctgcaagcacctccgccagcgggtccggcacgcattgaatctaaagcccagttggcggcagagctgcgtaaagccgtcgacctggagctgtctgtgatgctgcaatacctgtacgcggcgtatagcattccgaactatgcacagggccaacaacgtgttcgtgacggtgcgtggaccgccgagcagctgcaactggcgtgcggtagcggtgaccgtcgccgtgatggcggtattcgtgcagcactgctggaaattgctcatgaagaaatgattcattacctggtcgttaacaacctgctgatggccctgggcgagccgttctacgcgggtgtcccgctgatgggcgaagcggcacgtcaggcgtttggcctggacaccgagttcgctctggaaccgtttagcgaaagcacgctggcacgttttgttcgtctggaatggccgcactttatcccagcaccgggcaaatccatcgcggactgctatgccgccattcgtcaggcgtttttggatctgccggacttgtttggtggcgaggcaggtaagcgtggcggtgaacaccacctgttcctgaatgagctgaccaaccgtgcgcatccgggttatcaactggaagttttcgatcgcgactcggcgctgtttggtattgcatttgtgaccgatcagggcgaaggtggcgctctggacagcccgcactacgaacatagccattttcaacgtctgcgtgaaatgagcgcgcgtatcatggctcaaagcgcaccgttcgaaccggcgctgccggcgttgcgtaatccggttctggatgagagcccgggttgccaacgtgtcgcagacggtcgtgcgcgtgcgctgatggcattgtaccaaggcgtttatgagctgatgtttgcgatgatggcgcagcacttcgccgtgaaaccgctgggtagcttgcgtcgcagccgcctgatgaacgcagcaatcgatctgatgaccggtctgttgcgtccgctgagctgcgcgctgatgaacctgccaagcggcatcgccggtcgcacggccggtccgccgctgccgggtccggttgacacccgtagctatgacgactacgcgctgggctgtcgcatgctggcacgccgttgcgagcgtctgctggagcaggcgagcatgctggaaccgggttggctgccggatgcgcagatggagctgctggatttctatcgtcgccaaatgctggacttggcgtgcggcaaactgagccgcgaggcctaatgatccttaaggaggtaaaaaaaatgaaacgtgcgattatcgttggtggcggcctggcgggtggcctgaccgcgatctacctggcgaagcgtggctacgaagtgcacgtcgtggagaagcgtggtgatcctctgcgcgatctgagctcttacgtggacgttgttagcagccgtgcgatcggcgtgagcatgaccgttcgtggtatcaagagcgttttggctgcgggcattccgcgtgcagagctggatgcgtgtggcgaaccgatcgtggcaatggctttctccgtgggtggtcagtatcgcatgcgcgaactgaagccgttggaggatttccgtccgctgagcttgaaccgtgcggcgtttcaaaagctgctgaacaaatacgcgaacctggcaggcgttcgttactactttgagcataagtgcctggatgttgacctggatggtaagagcgtgttgattcagggcaaagatggtcagccgcagcgtctgcaaggtgacatgattatcggtgcggatggcgcccacagcgccgtccgtcaggcgatgcagagcggcctgcgtcgtttcgagttccagcaaacgttcttccgccatggctacaaaaccctggttttgccggacgcgcaagcactgggttaccgtaaagacacgctgtactttttcggcatggattccggtggcctgttcgcgggtcgtgcggctacgatcccagatggtagcgtcagcatcgccgtttgcctgccgtactcgggtagcccttccctgacgaccaccgacgaaccgacgatgcgtgcgttcttcgatcgttacttcggtggcctgccgcgtgacgcgcgtgacgaaatgctgcgtcagtttctggcgaagccgagcaacgacctgattaacgtgcgctctagcacctttcactataagggtaatgtgctgttgctgggtgatgctgcgcatgcgactgcgccgttcctgggtcagggtatgaacatggcgctggaggacgcccgcacgtttgtcgagctgctggaccgccaccagggcgaccaagacaaagcctttccggagttcacggagctgcgcaaagtccaggcagacgcaatgcaagacatggctcgcgccaactatgacgttttgagctgctcgaacccgatctttttcatgcgtgcgcgttacacgcgttacatgcattccaagtttccgggcctgtatccgccggatatggccgagaaactgtactttacgagcgagccgtacgatcgtctgcaacaaatccagcgtaaacagaatgtttggtacaagattggtcgcgtgaattgatgatctttaaggaggtaaaaaaaatgaagattctggtcattggtgctggtccagctggtctggttttcgcatcccaactgaagcaggcacgccctttgtgggccattgacatcgtggagaagaatgacgagcaagaagtgctgggctggggtgtcgtgctgcctggccgtccgggtcagcacccggcgaacccgctgtcctatctggatgcaccggagcgtctgaatccgcaatttctggaggacttcaaactggtgcatcataatgagccgtccttgatgtccacgggcgttttgttgtgcggcgtggagcgtcgcggtctggttcacgcgctgcgcgataagtgccgcagccaaggcattgctattcgtttcgaaagcccgttgctggaacacggtgagctgccgctggcggactatgatctggtggtcctggctaatggtgttaatcacaaaaccgcgcatttcaccgaggctctggtcccgcaggtggactacggccgcaataagtacatttggtatggcactagccagctgttcgatcagatgaatctggtttttcgtacccatggtaaagatatctttatcgcgcatgcctataagtatagcgataccatgagcacgttcattgtcgaatgtagcgaagagacttacgcacgcgcacgcctgggcgaaatgtccgaagaggcgagcgcagaatacgttgctaaggtgttccaggccgagctgggtggtcacggcctggtgagccagccgggtctgggttggcgtaacttcatgacgttgtctcatgaccgttgtcatgatggtaagttggttctgctgggtgacgcgctgcaaagcggtcactttagcatcggccacggcaccacgatggccgtggtggtggcgcagctgctggttaaagcgctgtgtaccgaagatggtgtgcctgccgcgctgaaacgtttcgaagagcgtgccctgccgctggtgcagttgttccgtggccacgcagacaacagccgcgtttggttcgaaaccgtcgaagagcgcatgcacctgtcctcggcggaatttgtgcaaagcttcgacgcacgccgcaaaagcctgccgccgatgccggaagcactggcgcagaatctgcgttatgctttgcagcgctgatgatcattaaggaggtaaaaaaaatggagaaccgtgagccaccactgttgccagcccgttggagcagcgcctatgtctcttattggagcccgatgctgccggatgaccagctgaccagcggctattgctggttcgactatgaacgtgacatctgtcgtattgacggcctgttcaatccgtggagcgagcgtgatactggttatcgcctgtggatgtcggaggttggtaatgcggccagcggccgtacctggaaacaaaaagtcgcctatggtcgtgagcgtaccgccctgggtgaacagctgtgtgagcgtccgctggatgatgagactggcccttttgccgaattgttcctgccacgcgatgtcctgcgccgtctgggtgcccgtcacattggccgtcgcgtggttctgggtcgcgaagcggacggttggcgttaccagcgcccaggtaaaggtccgagcaccctgtacctggatgcggcgagcggcactccactgcgcatggtcaccggcgatgaagcgtcgcgtgcaagcctgcgtgattttccgaatgtgagcgaggcggagatcccggacgcggttttcgcggccaagcgctaa,GGTCTCAAttaaggaggtaaaaaaaatgaaacattcttccgatatctgcattgttggtgctggtatttctggtttgacgtgcgcaagccatctgctggacagcccggcatgccgtggtctgagcctgcgtatctttgacatgcagcaagaagccggtggccgtatccgcagcaaaatgctggatggtaaggcaagcattgaactgggcgcaggtcgctactcccctcagttgcacccgcatttccaaagcgcaatgcagcactatagccaaaagagcgaagtctatccgttcacccagttgaagttcaaatctcacgtgcagcaaaagctgaagcgcgccatgaatgaactgtccccgcgtctgaaagagcatggtaaagagagctttttgcagtttgtcagccgttatcaaggtcacgatagcgcggttggtatgatccgctctatgggttacgacgcactgttcctgccggatatcagcgcagaaatggcctacgacattgtgggtaagcacccggagatccagagcgtgacggacaacgacgcgaaccaatggtttgcagcggaaacgggctttgctggtctgattcagggcatcaaggctaaggttaaggcggcaggtgcgcgttttagcctgggttatcgtctgctgagcgtccgtaccgacggtgacggctacctgctgcaactggcaggtgacgacggctggaaactggagcaccgtacccgccatctgattctggcgattccgccgagcgcgatggcgggtttgaatgttgattttccagaagcctggtccggtgcgcgctatggcagcctgccgctgtttaagggctttctgacgtacggtgagccgtggtggttggactacaaactggacgatcaggtgctgattgttgacaacccgctgcgcaaaatctatttcaaaggcgataagtacctgttcttctataccgatagcgagatggcgaattactggcgcggttgtgtcgcggagggcgaggacggttacctggagcaaattcgcacccatttggctagcgcactgggtatcgtccgtgaacgtatcccgcaaccgctggcacacgttcacaagtattgggcgcacggcgttgagttttgccgtgattctgatattgaccacccgagcgcactgtctcatcgcgacagcggtatcatcgcgtgctccgatgcgtacacggagcattgtggttggatggagggcggtctgctgagcgcccgtgaggcaagccgtctgctgttgcagcgtatcgccgcgtgattaaggaggtaaaaaaaatgagcattctggatttcccgcgtatccacttccgtggctgggcccgtgtcaatgcgccgaccgcgaaccgcgatccgcacggccacatcgatatggccagcaataccgtggcgatggcgggtgagccgttcgacctggcacgccatcctacggagttccaccgtcacctgcgctccctgggtccgcgcttcggcttggatggtcgtgctgacccggaaggcccgttcagcctggccgagggctacaacgctgccggtaacaaccacttttcgtgggagagcgcaaccgttagccacgtgcaatgggatggcggtgaggcggatcgtggtgacggtctggtcggtgctcgtttggcactgtggggtcactacaatgattatctgcgtaccaccttcaatcgtgctcgttgggtcgacagcgacccgacgcgccgtgacgctgcacaaatctatgcgggccaattcaccattagcccggctggtgccggtccgggtacgccgtggctgtttacggcagacattgatgatagccatggtgcacgttggacgcgtggcggccacattgcagagcgtggcggccacttcttggatgaagagtttggtctggcacgcctgtttcagttctctgtgccgaaagatcacccacattttctgtttcacccgggtccgtttgattccgaggcctggcgtcgtctgcaattggctctggaggatgacgacgttctgggtctgaccgtgcaatatgcgttgttcaatatgagcaccccgcctcagccgaacagcccggtttttcacgatatggtcggtgttgtcggtctgtggcgtcgtggtgaactggcgagctacccggctggtcgtctgctgcgtccgcgtcaaccgggtctgggtgacctgaccctgcgcgtcaacggtggtcgcgttgcgctgaatttggcgtgtgccattccgttcagcactcgtgccgcgcagccaagcgcaccggaccgcctgaccccggacctgggtgccaaactgccgctgggcgatctgctgctgcgtgatgaggacggcgcactgttggcacgtgtgccgcaggctctgtaccaagactattggacgaatcacggtattgtggacctgccgctgctgcgcgaaccgcgtggtagcttgaccctgagcagcgaactggcggagtggcgtgagcaagactgggtcacccaaagcgacgcgtctaacctgtacctggaggcaccggatcgccgtcacggtcgctttttccctgagagcatcgcgctgcgcagctactttcgcggtgaagcgcgtgcgcgtccggatatcccgcatcgtatcgagggcatgggcctggtcggcgtcgaatctcgtcaggatggcgacgctgcggaatggcgtctgacgggtctgcgtccgggtccggcacgcattgttctggacgatggtgccgaggcgatccctctgcgtgttctgcctgacgattgggcgctggatgacgcgaccgtcgaagaagtggattacgcctttttgtaccgccacgttatggcgtattacgagctggtgtatccattcatgagcgacaaggtgttttccctggctgatcgttgcaaatgtgaaacgtacgcacgtctgatgtggcagatgtgtgatccgcagaaccgcaacaagtcctattacatgccgagcacccgcgaactgtcggcaccgaaagctcgtttgttcttgaagtatctggcccacgtggaaggccaggcacgcctgcaagcacctccgccagcgggtccggcacgcattgaatctaaagcccagttggcggcagagctgcgtaaagccgtcgacctggagctgtctgtgatgctgcaatacctgtacgcggcgtatagcattccgaactatgcacagggccaacaacgtgttcgtgacggtgcgtggaccgccgagcagctgcaactggcgtgcggtagcggtgaccgtcgccgtgatggcggtattcgtgcagcactgctggaaattgctcatgaagaaatgattcattacctggtcgttaacaacctgctgatggccctgggcgagccgttctacgcgggtgtcccgctgatgggcgaagcggcacgtcaggcgtttggcctggacaccgagttcgctctggaaccgtttagcgaaagcacgctggcacgttttgttcgtctggaatggccgcactttatcccagcaccgggcaaatccatcgcggactgctatgccgccattcgtcaggcgtttttggatctgccggacttgtttggtggcgaggcaggtaagcgtggcggtgaacaccacctgttcctgaatgagctgaccaaccgtgcgcatccgggttatcaactggaagttttcgatcgcgactcggcgctgtttggtattgcatttgtgaccgatcagggcgaaggtggcgctctggacagcccgcactacgaacatagccattttcaacgtctgcgtgaaatgagcgcgcgtatcatggctcaaagcgcaccgttcgaaccggcgctgccggcgttgcgtaatccggttctggatgagagcccgggttgccaacgtgtcgcagacggtcgtgcgcgtgcgctgatggcattgtaccaaggcgtttatgagctgatgtttgcgatgatggcgcagcacttcgccgtgaaaccgctgggtagcttgcgtcgcagccgcctgatgaacgcagcaatcgatctgatgaccggtctgttgcgtccgctgagctgcgcgctgatgaacctgccaagcggcatcgccggtcgcacggccggtccgccgctgccgggtccggttgacacccgtagctatgacgactacgcgctgggctgtcgcatgctggcacgccgttgcgagcgtctgctggagcaggcgagcatgctggaaccgggttggctgccggatgcgcagatggagctgctggatttctatcgtcgccaaatgctggacttggcgtgcggcaaactgagccgcgaggcctaatgatccttaaggaggtaaaaaaaatgaaacgtgcgattatcgttggtggcggcctggcgggtggcctgaccgcgatctacctggcgaagcgtggctacgaagtgcacgtcgtggagaagcgtggtgatcctctgcgcgatctgagctcttacgtggacgttgttagcagccgtgcgatcggcgtgagcatgaccgttcgtggtatcaagagcgttttggctgcgggcattccgcgtgcagagctggatgcgtgtggcgaaccgatcgtggcaatggctttctccgtgggtggtcagtatcgcatgcgcgaactgaagccgttggaggatttccgtccgctgagcttgaaccgtgcggcgtttcaaaagctgctgaacaaatacgcgaacctggcaggcgttcgttactactttgagcataagtgcctggatgttgacctggatggtaagagcgtgttgattcagggcaaagatggtcagccgcagcgtctgcaaggtgacatgattatcggtgcggatggcgcccacagcgccgtccgtcaggcgatgcagagcggcctgcgtcgtttcgagttccagcaaacgttcttccgccatggctacaaaaccctggttttgccggacgcgcaagcactgggttaccgtaaagacacgctgtactttttcggcatggattccggtggcctgttcgcgggtcgtgcggctacgatcccagatggtagcgtcagcatcgccgtttgcctgccgtactcgggtagcccttccctgacgaccaccgacgaaccgacgatgcgtgcgttcttcgatcgttacttcggtggcctgccgcgtgacgcgcgtgacgaaatgctgcgtcagtttctggcgaagccgagcaacgacctgattaacgtgcgctctagcacctttcactataagggtaatgtgctgttgctgggtgatgctgcgcatgcgactgcgccgttcctgggtcagggtatgaacatggcgctggaggacgcccgcacgtttgtcgagctgctggaccgccaccagggcgaccaagacaaagcctttccggagttcacggagctgcgcaaagtccaggcagacgcaatgcaagacatggctcgcgccaactatgacgttttgagctgctcgaacccgatctttttcatgcgtgcgcgttacacgcgttacatgcattccaagtttccgggcctgtatccgccggatatggccgagaaactgtactttacgagcgagccgtacgatcgtctgcaacaaatccagcgtaaacagaatgtttggtacaagattggtcgcgtgaattgatgatctttaaggaggtaaaaaaaatgaagattctggtcattggtgctggtccagctggtctggttttcgcatcccaactgaagcaggcacgccctttgtgggccattgacatcgtggagaagaatgacgagcaagaagtgctgggctggggtgtcgtgctgcctggccgtccgggtcagcacccggcgaacccgctgtcctatctggatgcaccggagcgtctgaatccgcaatttctggaggacttcaaactggtgcatcataatgagccgtccttgatgtccacgggcgttttgttgtgcggcgtggagcgtcgcggtctggttcacgcgctgcgcgataagtgccgcagccaaggcattgctattcgtttcgaaagcccgttgctggaacacggtgagctgccgctggcggactatgatctggtggtcctggctaatggtgttaatcacaaaaccgcgcatttcaccgaggctctggtcccgcaggtggactacggccgcaataagtacatttggtatggcactagccagctgttcgatcagatgaatctggtttttcgtacccatggtaaagatatctttatcgcgcatgcctataagtatagcgataccatgagcacgttcattgtcgaatgtagcgaagagacttacgcacgcgcacgcctgggcgaaatgtccgaagaggcgagcgcagaatacgttgctaaggtgttccaggccgagctgggtggtcacggcctggtgagccagccgggtctgggttggcgtaacttcatgacgttgtctcatgaccgttgtcatgatggtaagttggttctgctgggtgacgcgctgcaaagcggtcactttagcatcggccacggcaccacgatggccgtggtggtggcgcagctgctggttaaagcgctgtgtaccgaagatggtgtgcctgccgcgctgaaacgtttcgaagagcgtgccctgccgctggtgcagttgttccgtggccacgcagacaacagccgcgtttggttcgaaaccgtcgaagagcgcatgcacctgtcctcggcggaatttgtgcaaagcttcgacgcacgccgcaaaagcctgccgccgatgccggaagcactggcgcagaatctgcgttatgctttgcagcgctgatgatcattaaggaggtaaaaaaaatggagaaccgtgagccaccactgttgccagcccgttggagcagcgcctatgtctcttattggagcccgatgctgccggatgaccagctgaccagcggctattgctggttcgactatgaacgtgacatctgtcgtattgacggcctgttcaatccgtggagcgagcgtgatactggttatcgcctgtggatgtcggaggttggtaatgcggccagcggccgtacctggaaacaaaaagtcgcctatggtcgtgagcgtaccgccctgggtgaacagctgtgtgagcgtccgctggatgatgagactggcccttttgccgaattgttcctgccacgcgatgtcctgcgccgtctgggtgcccgtcacattggccgtcgcgtggttctgggtcgcgaagcggacggttggcgttaccagcgcccaggtaaaggtccgagcaccctgtacctggatgcggcgagcggcactccactgcgcatggtcaccggcgatgaagcgtcgcgtgcaagcctgcgtgattttccgaatgtgagcgaggcggagatcccggacgcggttttcgcggccaagcgctaaGCTTTGAGACC
37,ntrC,atgcaacgagggatagtctgggtagtcgatgacgatagttccatccgttgggtgcttgaacgtgcgctcgctggggcaggtttaacctgtacgacgtttgagaacggcgcagaagtgctggaggcgctggcgagcaaaacgccggatgtgctgctttcagatatccgtatgccgggaatggacgggctggcgctgctcaagcagattaaacagcgccatccaatgcttccggtcatcattatgaccgcacattccgatctggatgctgccgtcagcgcctatcaacaaggggcgtttgattatctgcccaaaccgtttgatatcgacgaagcagtggcgctggttgagcgcgctatcagtcattaccaggaacagcagcagccgcgtaatgttcagcttaacggcccaacgaccgatatcatcggcgaagcgccagccatgcaggacgtgttccgtattatcggtcggctttcgcgttcttctattagcgtgctgattaacggcgaatccggcaccggtaaagaactggtcgctcatgccctgcatcgccacagtccgcgcgccaaagcgccgtttatcgcgctgaatatggcagctatcccaaaagatttgatcgaatcagaactgtttggccacgagaaaggcgcgtttactggcgcgaataccattcgtcaggggcgttttgaacaggccgatggcggtacattattcctcgacgaaattggtgatatgccgctggatgtgcagacgcgtttgctgcgcgtgctggcagacggtcagttttaccgcgttggcggctatgcgccggtgaaagtggatgtgcggattatcgctgccactcaccagaatctcgaacagcgagtgcaggaaggtaagttccgtgaggatctgttccaccgcctgaacgttatccgcgttcatctgccgccgctgcgcgaacgtcgggaagatattccccgtctggcgcgccattttttacaggttgccgcgcgcgaactgggcgtagaagcgaagttactgcatccggaaaccgaagctgctctgacgcgtctggcgtggccaggcaacgtgcgccagctggaaaacacctgccgctggctaacggtgatggccgccgggcaggaagtgttgattcaggatttgcccggcgaactgtttgaatcaacggttgcggagagtacttcgcaaatgcaaccggacagctgggcgacgcttcttgcgcagtgggcagacagagcgctgcgttccggtcatcaaaatctgctttccgaagcgcagccagagctggagcggacgttactgacgaccgcgttgcgacatacgcaggggcataaacaggaagcggcgcggctactcggctggggccgcaacaccctgacgcgtaagttaaaagagctggggatggagtga,GGTCTCAAatgcaacgagggatagtctgggtagtcgatgacgatagttccatccgttgggtgcttgaacgtgcgctcgctggggcaggtttaacctgtacgacgtttgagaacggcgcagaagtgctggaggcgctggcgagcaaaacgccggatgtgctgctttcagatatccgtatgccgggaatggacgggctggcgctgctcaagcagattaaacagcgccatccaatgcttccggtcatcattatgaccgcacattccgatctggatgctgccgtcagcgcctatcaacaaggggcgtttgattatctgcccaaaccgtttgatatcgacgaagcagtggcgctggttgagcgcgctatcagtcattaccaggaacagcagcagccgcgtaatgttcagcttaacggcccaacgaccgatatcatcggcgaagcgccagccatgcaggacgtgttccgtattatcggtcggctttcgcgttcttctattagcgtgctgattaacggcgaatccggcaccggtaaagaactggtcgctcatgccctgcatcgccacagtccgcgcgccaaagcgccgtttatcgcgctgaatatggcagctatcccaaaagatttgatcgaatcagaactgtttggccacgagaaaggcgcgtttactggcgcgaataccattcgtcaggggcgttttgaacaggccgatggcggtacattattcctcgacgaaattggtgatatgccgctggatgtgcagacgcgtttgctgcgcgtgctggcagacggtcagttttaccgcgttggcggctatgcgccggtgaaagtggatgtgcggattatcgctgccactcaccagaatctcgaacagcgagtgcaggaaggtaagttccgtgaggatctgttccaccgcctgaacgttatccgcgttcatctgccgccgctgcgcgaacgtcgggaagatattccccgtctggcgcgccattttttacaggttgccgcgcgcgaactgggcgtagaagcgaagttactgcatccggaaaccgaagctgctctgacgcgtctggcgtggccaggcaacgtgcgccagctggaaaacacctgccgctggctaacggtgatggccgccgggcaggaagtgttgattcaggatttgcccggcgaactgtttgaatcaacggttgcggagagtacttcgcaaatgcaaccggacagctgggcgacgcttcttgcgcagtgggcagacagagcgctgcgttccggtcatcaaaatctgctttccgaagcgcagccagagctggagcggacgttactgacgaccgcgttgcgacatacgcaggggcataaacaggaagcggcgcggctactcggctggggccgcaacaccctgacgcgtaagttaaaagagctggggatggagtgaGCTTTGAGACC
38,mazE,atgatccacagtagcgtaaagcgttggggaaattcaccggcggtgcggatcccggctacgttaatgcaggcgctcaatctgaatattgatgatgaagtgaagattgacctggtggatggcaaattaattattgagccagtgcgtaaagagcccgtatttacgcttgctgaactggtcaacgacatcacgccggaaaacctccacgagaatatcgactggggagagccgaaagataaggaagtctggtaa,GGTCTCAAatgatccacagtagcgtaaagcgttggggaaattcaccggcggtgcggatcccggctacgttaatgcaggcgctcaatctgaatattgatgatgaagtgaagattgacctggtggatggcaaattaattattgagccagtgcgtaaagagcccgtatttacgcttgctgaactggtcaacgacatcacgccggaaaacctccacgagaatatcgactggggagagccgaaagataaggaagtctggtaaGCTTTGAGACC
39,mazF,atggtaagccgatacgtacccgatatgggcgatctgatttgggttgattttgacccgacaaaaggtagcgagcaagctggacatcgtccagctgttgtcctgagtcctttcatgtacaacaacaaaacaggtatgtgtctgtgtgttccttgtacaacgcaatcaaaaggatatccgttcgaagttgttttatccggtcaggaacgtgatggcgtagcgttagctgatcaggtaaaaagtatcgcctggcgggcaagaggagcaacgaagaaaggaacagttgccccagaggaattacaactcattaaagccaaaattaacgtactgattgggtag,GGTCTCAAatggtaagccgatacgtacccgatatgggcgatctgatttgggttgattttgacccgacaaaaggtagcgagcaagctggacatcgtccagctgttgtcctgagtcctttcatgtacaacaacaaaacaggtatgtgtctgtgtgttccttgtacaacgcaatcaaaaggatatccgttcgaagttgttttatccggtcaggaacgtgatggcgtagcgttagctgatcaggtaaaaagtatcgcctggcgggcaagaggagcaacgaagaaaggaacagttgccccagaggaattacaactcattaaagccaaaattaacgtactgattgggtagGCTTTGAGACC
40,T7RNAP,ATGAACACGATTAACATCGCTAAGAACGACTTCTCTGACATCGAACTGGCTGCTATCCCGTTCAACACTCTGGCTGACCATTACGGTGAGCGTTTAGCTCGCGAACAGTTGGCCCTTGAGCATGAGTCTTACGAGATGGGTGAAGCACGCTTCCGCAAGATGTTTGAGCGTCAACTTAAAGCTGGTGAGGTTGCGGATAACGCTGCCGCCAAGCCTCTCATCACTACCCTACTCCCTAAGATGATTGCACGCATCAACGACTGGTTTGAGGAAGTGAAAGCTAAGCGCGGCAAGCGCCCGACAGCCTTCCAGTTCCTGCAAGAAATCAAGCCGGAAGCCGTAGCGTACATCACCATTAAGACCACTCTGGCTTGCCTAACCAGTGCTGACAATACAACCGTTCAGGCTGTAGCAAGCGCAATCGGTCGGGCCATTGAGGACGAGGCTCGCTTCGGTCGTATCCGTGACCTTGAAGCTAAGCACTTCAAGAAAAACGTTGAGGAACAACTCAACAAGCGCGTAGGGCACGTCTACAAGAAAGCATTTATGCAAGTTGTCGAGGCTGACATGCTCTCTAAGGGTCTACTCGGTGGCGAGGCGTGGTCTTCGTGGCATAAGGAAGACTCTATTCATGTAGGAGTACGCTGCATCGAGATGCTCATTGAGTCAACCGGAATGGTTAGCTTACACCGCCAAAATGCTGGCGTAGTAGGTCAAGACTCTGAGACTATCGAACTCGCACCTGAATACGCTGAGGCTATCGCAACCCGTGCAGGTGCGCTGGCTGGCATCTCTCCGATGTTCCAACCTTGCGTAGTTCCTCCTAAGCCGTGGACTGGCATTACTGGTGGTGGCTATTGGGCTAACGGTCGTCGTCCTCTGGCGCTGGTGCGTACTCACAGTAAGAAAGCACTGATGCGCTACGAAGACGTTTACATGCCTGAGGTGTACAAAGCGATTAACATTGCGCAAAACACCGCATGGAAAATCAACAAGAAAGTCCTAGCGGTCGCCAACGTAATCACCAAGTGGAAGCATTGTCCGGTCGAGGACATCCCTGCGATTGAGCGTGAAGAACTCCCGATGAAACCGGAAGACATCGACATGAATCCTGAGGCTCTCACCGCGTGGAAACGTGCTGCCGCTGCTGTGTACCGCAAGGACAAGGCTCGCAAGTCTCGCCGTATCAGCCTTGAGTTCATGCTTGAGCAAGCCAATAAGTTTGCTAACCATAAGGCCATCTGGTTCCCTTACAACATGGACTGGCGCGGTCGTGTTTACGCTGTGTCAATGTTCAACCCGCAAGGTAACGATATGACCAAAGGACTGCTTACGCTGGCGAAAGGTAAACCAATCGGTAAGGAAGGTTACTACTGGCTGAAAATCCACGGTGCAAACTGTGCGGGTGTCGATAAGGTTCCGTTCCCTGAGCGCATCAAGTTCATTGAGGAAAACCACGAGAACATCATGGCTTGCGCTAAGTCTCCACTGGAGAACACTTGGTGGGCTGAGCAAGATTCTCCGTTCTGCTTCCTTGCGTTCTGCTTTGAGTACGCTGGGGTACAGCACCACGGCCTGAGCTATAACTGCTCCCTTCCGCTGGCGTTTGACGGGTCTTGCTCTGGCATCCAGCACTTCTCCGCGATGCTCCGAGATGAGGTAGGTGGTCGCGCGGTTAACTTGCTTCCTAGTGAAACCGTTCAGGACATCTACGGGATTGTTGCTAAGAAAGTCAACGAGATTCTACAAGCAGACGCAATCAATGGGACCGATAACGAAGTAGTTACCGTGACCGATGAGAACACTGGTGAAATCTCTGAGAAAGTCAAGCTGGGCACTAAGGCACTGGCTGGTCAATGGCTGGCTTACGGTGTTACTCGCAGTGTGACTAAGCGTTCAGTCATGACGCTGGCTTACGGGTCCAAAGAGTTCGGCTTCCGTCAACAAGTGCTGGAAGATACCATTCAGCCAGCTATTGATTCCGGCAAGGGTCTGATGTTCACTCAGCCGAATCAGGCTGCTGGATACATGGCTAAGCTGATTTGGGAATCTGTGAGCGTGACGGTGGTAGCTGCGGTTGAAGCAATGAACTGGCTTAAGTCTGCTGCTAAGCTGCTGGCTGCTGAGGTCAAAGATAAGAAGACTGGAGAGATTCTTCGCAAGCGTTGCGCTGTGCATTGGGTAACTCCTGATGGTTTCCCTGTGTGGCAGGAATACAAGAAGCCTATTCAGACGCGCTTGAACCTGATGTTCCTCGGTCAGTTCCGCTTACAGCCTACCATTAACACCAACAAAGATAGCGAGATTGATGCACACAAACAGGAGTCTGGTATCGCTCCTAACTTTGTACACAGCCAAGACGGTAGCCACCTTCGTAAGACTGTAGTGTGGGCACACGAGAAGTACGGAATCGAATCTTTTGCACTGATTCACGACTCCTTCGGTACCATTCCGGCTGACGCTGCGAACCTGTTCAAAGCAGTGCGCGAAACTATGGTTGACACATATGAGTCTTGTGATGTACTGGCTGATTTCTACGACCAGTTCGCTGACCAGTTGCACGAGTCTCAATTGGACAAAATGCCAGCACTTCCGGCTAAAGGTAACTTGAACCTCCGTGACATCTTAGAGTCGGACTTCGCGTTCGCGTAA,GGTCTCAAATGAACACGATTAACATCGCTAAGAACGACTTCTCTGACATCGAACTGGCTGCTATCCCGTTCAACACTCTGGCTGACCATTACGGTGAGCGTTTAGCTCGCGAACAGTTGGCCCTTGAGCATGAGTCTTACGAGATGGGTGAAGCACGCTTCCGCAAGATGTTTGAGCGTCAACTTAAAGCTGGTGAGGTTGCGGATAACGCTGCCGCCAAGCCTCTCATCACTACCCTACTCCCTAAGATGATTGCACGCATCAACGACTGGTTTGAGGAAGTGAAAGCTAAGCGCGGCAAGCGCCCGACAGCCTTCCAGTTCCTGCAAGAAATCAAGCCGGAAGCCGTAGCGTACATCACCATTAAGACCACTCTGGCTTGCCTAACCAGTGCTGACAATACAACCGTTCAGGCTGTAGCAAGCGCAATCGGTCGGGCCATTGAGGACGAGGCTCGCTTCGGTCGTATCCGTGACCTTGAAGCTAAGCACTTCAAGAAAAACGTTGAGGAACAACTCAACAAGCGCGTAGGGCACGTCTACAAGAAAGCATTTATGCAAGTTGTCGAGGCTGACATGCTCTCTAAGGGTCTACTCGGTGGCGAGGCGTGGTCTTCGTGGCATAAGGAAGACTCTATTCATGTAGGAGTACGCTGCATCGAGATGCTCATTGAGTCAACCGGAATGGTTAGCTTACACCGCCAAAATGCTGGCGTAGTAGGTCAAGACTCTGAGACTATCGAACTCGCACCTGAATACGCTGAGGCTATCGCAACCCGTGCAGGTGCGCTGGCTGGCATCTCTCCGATGTTCCAACCTTGCGTAGTTCCTCCTAAGCCGTGGACTGGCATTACTGGTGGTGGCTATTGGGCTAACGGTCGTCGTCCTCTGGCGCTGGTGCGTACTCACAGTAAGAAAGCACTGATGCGCTACGAAGACGTTTACATGCCTGAGGTGTACAAAGCGATTAACATTGCGCAAAACACCGCATGGAAAATCAACAAGAAAGTCCTAGCGGTCGCCAACGTAATCACCAAGTGGAAGCATTGTCCGGTCGAGGACATCCCTGCGATTGAGCGTGAAGAACTCCCGATGAAACCGGAAGACATCGACATGAATCCTGAGGCTCTCACCGCGTGGAAACGTGCTGCCGCTGCTGTGTACCGCAAGGACAAGGCTCGCAAGTCTCGCCGTATCAGCCTTGAGTTCATGCTTGAGCAAGCCAATAAGTTTGCTAACCATAAGGCCATCTGGTTCCCTTACAACATGGACTGGCGCGGTCGTGTTTACGCTGTGTCAATGTTCAACCCGCAAGGTAACGATATGACCAAAGGACTGCTTACGCTGGCGAAAGGTAAACCAATCGGTAAGGAAGGTTACTACTGGCTGAAAATCCACGGTGCAAACTGTGCGGGTGTCGATAAGGTTCCGTTCCCTGAGCGCATCAAGTTCATTGAGGAAAACCACGAGAACATCATGGCTTGCGCTAAGTCTCCACTGGAGAACACTTGGTGGGCTGAGCAAGATTCTCCGTTCTGCTTCCTTGCGTTCTGCTTTGAGTACGCTGGGGTACAGCACCACGGCCTGAGCTATAACTGCTCCCTTCCGCTGGCGTTTGACGGGTCTTGCTCTGGCATCCAGCACTTCTCCGCGATGCTCCGAGATGAGGTAGGTGGTCGCGCGGTTAACTTGCTTCCTAGTGAAACCGTTCAGGACATCTACGGGATTGTTGCTAAGAAAGTCAACGAGATTCTACAAGCAGACGCAATCAATGGGACCGATAACGAAGTAGTTACCGTGACCGATGAGAACACTGGTGAAATCTCTGAGAAAGTCAAGCTGGGCACTAAGGCACTGGCTGGTCAATGGCTGGCTTACGGTGTTACTCGCAGTGTGACTAAGCGTTCAGTCATGACGCTGGCTTACGGGTCCAAAGAGTTCGGCTTCCGTCAACAAGTGCTGGAAGATACCATTCAGCCAGCTATTGATTCCGGCAAGGGTCTGATGTTCACTCAGCCGAATCAGGCTGCTGGATACATGGCTAAGCTGATTTGGGAATCTGTGAGCGTGACGGTGGTAGCTGCGGTTGAAGCAATGAACTGGCTTAAGTCTGCTGCTAAGCTGCTGGCTGCTGAGGTCAAAGATAAGAAGACTGGAGAGATTCTTCGCAAGCGTTGCGCTGTGCATTGGGTAACTCCTGATGGTTTCCCTGTGTGGCAGGAATACAAGAAGCCTATTCAGACGCGCTTGAACCTGATGTTCCTCGGTCAGTTCCGCTTACAGCCTACCATTAACACCAACAAAGATAGCGAGATTGATGCACACAAACAGGAGTCTGGTATCGCTCCTAACTTTGTACACAGCCAAGACGGTAGCCACCTTCGTAAGACTGTAGTGTGGGCACACGAGAAGTACGGAATCGAATCTTTTGCACTGATTCACGACTCCTTCGGTACCATTCCGGCTGACGCTGCGAACCTGTTCAAAGCAGTGCGCGAAACTATGGTTGACACATATGAGTCTTGTGATGTACTGGCTGATTTCTACGACCAGTTCGCTGACCAGTTGCACGAGTCTCAATTGGACAAAATGCCAGCACTTCCGGCTAAAGGTAACTTGAACCTCCGTGACATCTTAGAGTCGGACTTCGCGTTCGCGTAAGCTTTGAGACC
41,T3RNAP,ATGAACATCATCGAAAACATCGAAAAGAATGACTTCTCAGAAATCGAACTGGCTGCTATCCCGTTCAACACACTGGCTGACCACTACGGAAGCGCCTTGGCTAAAGAGCAGTTGGCTTTAGAACATGAGTCTTATGAGCTAGGCGAGCGCCGCTTCCTCAAGATGCTTGAGCGTCAAGCGAAAGCTGGTGAGATTGCAGACAACGCAGCCGCTAAGCCGTTACTCGCTACGCTTCTCCCTAAGTTAACCACACGTATCGTCGAGTGGCTCGAAGAGTACGCATCGAAGAAAGGCCGCAAGCCTAGCGCATACGCACCGCTCCAGTTACTCAAGCCGGAGGCCTCCGCGTTTATCACCCTGAAAGTTATCCTTGCGTCACTAACCAGTACGAACATGACAACCATTCAGGCCGCTGCTGGTATGCTGGGGAAAGCCATTGAGGACGAGGCACGATTTGGGCGCATCCGTGACCTAGAAGCGAAGCACTTCAAGAAGCACGTTGAGGAACAGCTTAACAAGCGCCACGGGCAAGTCTACAAGAAAGCATTTATGCAGGTGGTCGAGGCCGATATGATTGGTCGAGGTCTGCTTGGTGGCGAGGCGTGGTCTAGCTGGGATAAAGAAACCACGATGCACGTAGGGATTCGCCTGATTGAAATGCTGATTGAATCCACGGGTCTGGTGGAATTACAGCGCCACAACGCAGGTAACGCAGGCTCTGACCATGAGGCACTGCAACTGGCCCAAGAGTACGTGGACGTATTAGCGAAGCGTGCAGGCGCTCTGGCGGGTATCTCTCCGATGTTCCAGCCGTGTGTCGTACCGCCGAAACCTTGGGTAGCAATCACAGGGGGCGGCTATTGGGCTAACGGTCGCAGACCTTTGGCACTCGTTCGCACTCACTCTAAGAAGGGCTTGATGCGCTACGAAGACGTTTACATGCCAGAAGTCTACAAGGCTGTGAACCTCGCGCAAAACACCGCATGGAAAATCAACAAGAAAGTTCTTGCTGTTGTCAATGAGATTGTTAACTGGAAGAATTGCCCGGTAGCAGACATTCCATCGCTGGAGCGCCAAGAGTTACCGCCTAAGCCTGACGACATTGACACCAACGAGGCAGCGCTCAAGGAGTGGAAGAAAGCCGCTGCTGGTATCTATCGCTTGGACAAGGCACGAGTGTCTCGCCGTATCAGCTTAGAGTTCATGCTGGAGCAGGCCAACAAGTTCGCAAGTAAGAAAGCAATCTGGTTCCCTTACAACATGGACTGGCGCGGTCGTGTGTACGCTGTGCCGATGTTCAACCCGCAAGGCAACGACATGACGAAAGGTCTGCTGACCCTTGCTAAAGGCAAGCCAATCGGTGAGGAAGGTTTCTACTGGCTGAAAATCCACGGTGCGAACTGTGCGGGTGTTGATAAGGTTCCATTCCCGGAGCGCATCGCGTTCATTGAGAAGCACGTAGACGACATTCTGGCTTGCGCTAAAGACCCAATCAATAACACTTGGTGGGCTGAGCAGGATTCACCGTTCTGTTTCCTCGCGTTTTGCTTCGAGTATGCAGGCGTTACGCACCACGGTCTGAGCTACAATTGCTCTCTGCCGCTGGCGTTCGACGGGTCTTGCTCTGGTATCCAGCACTTCTCCGCGATGCTCCGCGATGAGGTAGGCGGTCGTGCGGTTAACCTGCTGCCAAGCGAAACCGTGCAGGACATTTACGGCATCGTTGCACAGAAAGTAAACGAGATTCTCAAACAGGATGCAATCAACGGCACGCCTAACGAGATGATTACCGTGACCGACAAGGACACCGGGGAAATCTCAGAGAAGCTCAAACTTGGAACCTCAACGCTGGCGCAACAGTGGCTGGCATATGGTGTAACCCGTAGCGTAACTAAACGTTCGGTCATGACGCTGGCTTACGGTTCCAAGGAGTTCGGCTTTCGTCAACAGGTATTGGATGACACCATTCAGCCTGCAATTGACAGCGGTAAGGGCTTGATGTTCACCCAACCGAACCAAGCGGCTGGCTATATGGCTAAGCTGATTTGGGATGCGGTAAGCGTGACCGTAGTTGCAGCGGTTGAGGCGATGAACTGGCTCAAATCTGCCGCTAAGCTGCTGGCTGCTGAGGTCAAGGACAAGAAGACCAAGGAGATTCTGCGCCACCGTTGCGCGGTTCACTGGACTACGCCGGACGGCTTCCCGGTCTGGCAGGAATACCGCAAGCCACTCCAGAAGCGTCTCGATATGATTTTCTTAGGGCAATTCCGTCTGCAACCGACGATTAATACCCTCAAGGATTCAGGCATTGACGCACACAAGCAGGAGTCTGGCATCGCTCCTAACTTTGTTCACTCACAGGACGGTAGCCACCTCCGCATGACAGTCGTTTATGCTCACGAGAAGTATGGCATTGAGTCCTTTGCGCTCATCCATGACAGCTTTGGGACTATCCCGGCAGACGCTGGTAAGCTCTTTAAGGCTGTGCGTGAAACGATGGTTATCACCTATGAGAACAACGATGTGCTGGCAGACTTCTACTCTCAGTTTGCCGACCAGCTACACGAGACCCAACTGGACAAGATGCCTCCGCTTCCGAAGAAAGGAAACCTGAACCTGCAAGACATTCTCAAGTCTGACTTTGCCTTTGCATAA,GGTCTCAAATGAACATCATCGAAAACATCGAAAAGAATGACTTCTCAGAAATCGAACTGGCTGCTATCCCGTTCAACACACTGGCTGACCACTACGGAAGCGCCTTGGCTAAAGAGCAGTTGGCTTTAGAACATGAGTCTTATGAGCTAGGCGAGCGCCGCTTCCTCAAGATGCTTGAGCGTCAAGCGAAAGCTGGTGAGATTGCAGACAACGCAGCCGCTAAGCCGTTACTCGCTACGCTTCTCCCTAAGTTAACCACACGTATCGTCGAGTGGCTCGAAGAGTACGCATCGAAGAAAGGCCGCAAGCCTAGCGCATACGCACCGCTCCAGTTACTCAAGCCGGAGGCCTCCGCGTTTATCACCCTGAAAGTTATCCTTGCGTCACTAACCAGTACGAACATGACAACCATTCAGGCCGCTGCTGGTATGCTGGGGAAAGCCATTGAGGACGAGGCACGATTTGGGCGCATCCGTGACCTAGAAGCGAAGCACTTCAAGAAGCACGTTGAGGAACAGCTTAACAAGCGCCACGGGCAAGTCTACAAGAAAGCATTTATGCAGGTGGTCGAGGCCGATATGATTGGTCGAGGTCTGCTTGGTGGCGAGGCGTGGTCTAGCTGGGATAAAGAAACCACGATGCACGTAGGGATTCGCCTGATTGAAATGCTGATTGAATCCACGGGTCTGGTGGAATTACAGCGCCACAACGCAGGTAACGCAGGCTCTGACCATGAGGCACTGCAACTGGCCCAAGAGTACGTGGACGTATTAGCGAAGCGTGCAGGCGCTCTGGCGGGTATCTCTCCGATGTTCCAGCCGTGTGTCGTACCGCCGAAACCTTGGGTAGCAATCACAGGGGGCGGCTATTGGGCTAACGGTCGCAGACCTTTGGCACTCGTTCGCACTCACTCTAAGAAGGGCTTGATGCGCTACGAAGACGTTTACATGCCAGAAGTCTACAAGGCTGTGAACCTCGCGCAAAACACCGCATGGAAAATCAACAAGAAAGTTCTTGCTGTTGTCAATGAGATTGTTAACTGGAAGAATTGCCCGGTAGCAGACATTCCATCGCTGGAGCGCCAAGAGTTACCGCCTAAGCCTGACGACATTGACACCAACGAGGCAGCGCTCAAGGAGTGGAAGAAAGCCGCTGCTGGTATCTATCGCTTGGACAAGGCACGAGTGTCTCGCCGTATCAGCTTAGAGTTCATGCTGGAGCAGGCCAACAAGTTCGCAAGTAAGAAAGCAATCTGGTTCCCTTACAACATGGACTGGCGCGGTCGTGTGTACGCTGTGCCGATGTTCAACCCGCAAGGCAACGACATGACGAAAGGTCTGCTGACCCTTGCTAAAGGCAAGCCAATCGGTGAGGAAGGTTTCTACTGGCTGAAAATCCACGGTGCGAACTGTGCGGGTGTTGATAAGGTTCCATTCCCGGAGCGCATCGCGTTCATTGAGAAGCACGTAGACGACATTCTGGCTTGCGCTAAAGACCCAATCAATAACACTTGGTGGGCTGAGCAGGATTCACCGTTCTGTTTCCTCGCGTTTTGCTTCGAGTATGCAGGCGTTACGCACCACGGTCTGAGCTACAATTGCTCTCTGCCGCTGGCGTTCGACGGGTCTTGCTCTGGTATCCAGCACTTCTCCGCGATGCTCCGCGATGAGGTAGGCGGTCGTGCGGTTAACCTGCTGCCAAGCGAAACCGTGCAGGACATTTACGGCATCGTTGCACAGAAAGTAAACGAGATTCTCAAACAGGATGCAATCAACGGCACGCCTAACGAGATGATTACCGTGACCGACAAGGACACCGGGGAAATCTCAGAGAAGCTCAAACTTGGAACCTCAACGCTGGCGCAACAGTGGCTGGCATATGGTGTAACCCGTAGCGTAACTAAACGTTCGGTCATGACGCTGGCTTACGGTTCCAAGGAGTTCGGCTTTCGTCAACAGGTATTGGATGACACCATTCAGCCTGCAATTGACAGCGGTAAGGGCTTGATGTTCACCCAACCGAACCAAGCGGCTGGCTATATGGCTAAGCTGATTTGGGATGCGGTAAGCGTGACCGTAGTTGCAGCGGTTGAGGCGATGAACTGGCTCAAATCTGCCGCTAAGCTGCTGGCTGCTGAGGTCAAGGACAAGAAGACCAAGGAGATTCTGCGCCACCGTTGCGCGGTTCACTGGACTACGCCGGACGGCTTCCCGGTCTGGCAGGAATACCGCAAGCCACTCCAGAAGCGTCTCGATATGATTTTCTTAGGGCAATTCCGTCTGCAACCGACGATTAATACCCTCAAGGATTCAGGCATTGACGCACACAAGCAGGAGTCTGGCATCGCTCCTAACTTTGTTCACTCACAGGACGGTAGCCACCTCCGCATGACAGTCGTTTATGCTCACGAGAAGTATGGCATTGAGTCCTTTGCGCTCATCCATGACAGCTTTGGGACTATCCCGGCAGACGCTGGTAAGCTCTTTAAGGCTGTGCGTGAAACGATGGTTATCACCTATGAGAACAACGATGTGCTGGCAGACTTCTACTCTCAGTTTGCCGACCAGCTACACGAGACCCAACTGGACAAGATGCCTCCGCTTCCGAAGAAAGGAAACCTGAACCTGCAAGACATTCTCAAGTCTGACTTTGCCTTTGCATAAGCTTTGAGACC
42,araC,ATGGCTGAAGCGCAAAATGATCCCCTGCTGCCGGGATACTCGTTTAACGCCCATCTGGTGGCGGGTTTAACGCCGATTGAGGCCAACGGTTATCTCGATTTTTTTATCGACCGACCGCTGGGAATGAAAGGTTATATTCTCAATCTCACCATTCGCGGTCAGGGGGTGGTGAAAAATCAGGGACGAGAATTTGTCTGCCGACCGGGTGATATTTTGCTGTTCCCGCCAGGAGAGATTCATCACTACGGTCGTCATCCGGAGGCTCGCGAATGGTATCACCAGTGGGTTTACTTTCGTCCGCGCGCCTACTGGCATGAATGGCTTAACTGGCCGTCAATATTTGCCAATACGGGTTTCTTTCGCCCGGATGAAGCGCACCAGCCGCATTTCAGCGACCTGTTTGGGCAAATCATTAACGCCGGGCAAGGGGAAGGGCGCTATTCGGAGCTGCTGGCGATAAATCTGCTTGAGCAATTGTTACTGCGGCGCATGGAAGCGATTAACGAGTCGCTCCATCCACCGATGGATAATCGGGTACGCGAGGCTTGTCAGTACATCAGCGATCACCTGGCAGACAGCAATTTTGATATCGCCAGCGTCGCACAGCATGTTTGCTTGTCGCCGTCGCGTCTGTCACATCTTTTCCGCCAGCAGTTAGGGATTAGCGTCTTAAGCTGGCGCGAGGACCAACGCATTAGTCAGGCGAAGCTGCTTTTGAGCACTACCCGGATGCCTATCGCCACCGTCGGTCGCAATGTTGGTTTTGACGATCAACTCTATTTCTCGCGAGTATTTAAAAAATGCACCGGGGCCAGCCCGAGCGAGTTTCGTGCCGGTTGTGAAGAAAAAGTGAATGATGTAGCCGTCAAGTTGTCATAA,GGTCTCAAATGGCTGAAGCGCAAAATGATCCCCTGCTGCCGGGATACTCGTTTAACGCCCATCTGGTGGCGGGTTTAACGCCGATTGAGGCCAACGGTTATCTCGATTTTTTTATCGACCGACCGCTGGGAATGAAAGGTTATATTCTCAATCTCACCATTCGCGGTCAGGGGGTGGTGAAAAATCAGGGACGAGAATTTGTCTGCCGACCGGGTGATATTTTGCTGTTCCCGCCAGGAGAGATTCATCACTACGGTCGTCATCCGGAGGCTCGCGAATGGTATCACCAGTGGGTTTACTTTCGTCCGCGCGCCTACTGGCATGAATGGCTTAACTGGCCGTCAATATTTGCCAATACGGGTTTCTTTCGCCCGGATGAAGCGCACCAGCCGCATTTCAGCGACCTGTTTGGGCAAATCATTAACGCCGGGCAAGGGGAAGGGCGCTATTCGGAGCTGCTGGCGATAAATCTGCTTGAGCAATTGTTACTGCGGCGCATGGAAGCGATTAACGAGTCGCTCCATCCACCGATGGATAATCGGGTACGCGAGGCTTGTCAGTACATCAGCGATCACCTGGCAGACAGCAATTTTGATATCGCCAGCGTCGCACAGCATGTTTGCTTGTCGCCGTCGCGTCTGTCACATCTTTTCCGCCAGCAGTTAGGGATTAGCGTCTTAAGCTGGCGCGAGGACCAACGCATTAGTCAGGCGAAGCTGCTTTTGAGCACTACCCGGATGCCTATCGCCACCGTCGGTCGCAATGTTGGTTTTGACGATCAACTCTATTTCTCGCGAGTATTTAAAAAATGCACCGGGGCCAGCCCGAGCGAGTTTCGTGCCGGTTGTGAAGAAAAAGTGAATGATGTAGCCGTCAAGTTGTCATAAGCTTTGAGACC
43,asiA,atgaataaaaacattgatacagttcgtgaaattattactgttgcatctattttgattaaattttccagagaagatattgttgagaatcgtgctaattttattgcatttctaaatgagattggagtaacgcatgaaggtagaaagttaaatcaaaattcattccgtaaaattgtttctgaattaactcaagaagataagaaaaccctcatcgacgaattcaacgagggttttgagggtgtatatcgatatctagagatgtatacgaacaaataa,GGTCTCAAatgaataaaaacattgatacagttcgtgaaattattactgttgcatctattttgattaaattttccagagaagatattgttgagaatcgtgctaattttattgcatttctaaatgagattggagtaacgcatgaaggtagaaagttaaatcaaaattcattccgtaaaattgtttctgaattaactcaagaagataagaaaaccctcatcgacgaattcaacgagggttttgagggtgtatatcgatatctagagatgtatacgaacaaataaGCTTTGAGACC
44,amilGFP_(yellow),ATGTCTTATTCAAAGCATGGCATCGTACAAGAAATGAAGACGAAATACCATATGGAAGGCAGTGTCAATGGCCATGAATTTACGATCGAAGGTGTAGGAACTGGGTACCCTTACGAAGGGAAACAGATGTCCGAATTAGTGATCATCAAGCCTGCGGGAAAACCCCTTCCATTCTCCTTTGACATACTGTCATCAGTCTTTCAATATGGAAACCGTTGCTTCACAAAGTACCCGGCAGACATGCCTGACTATTTCAAGCAAGCATTCCCAGATGGAATGTCATATGAAAGGTCATTTCTATTTGAGGATGGAGCAGTTGCTACAGCCAGCTGGAACATTCGTCTCGAAGGAAATTGCTTCATCCACAAATCCATCTTTCATGGCGTAAACTTTCCCGCTGATGGACCCGTAATGAAAAAGAAGACAATTGACTGGGATAAGTCCTTCGAAAAAATGACTGTGTCTAAAGAGGTGCTAAGAGGTGACGTGACTATGTTTCTTATGCTCGAAGGAGGTGGTTCTCACAGATGCCAATTTCACTCCACTTACAAAACAGAGAAGCCGGTCACACTGCCCCCGAATCATGTCGTAGAACATCAAATTGTGAGGACCGACCTTGGCCAAAGTGCAAAAGGCTTTACAGTCAAGCTGGAAGCACATGCCGCGGCTCATGTTAACCCTTTGAAGGTTAAATAA,GGTCTCAAATGTCTTATTCAAAGCATGGCATCGTACAAGAAATGAAGACGAAATACCATATGGAAGGCAGTGTCAATGGCCATGAATTTACGATCGAAGGTGTAGGAACTGGGTACCCTTACGAAGGGAAACAGATGTCCGAATTAGTGATCATCAAGCCTGCGGGAAAACCCCTTCCATTCTCCTTTGACATACTGTCATCAGTCTTTCAATATGGAAACCGTTGCTTCACAAAGTACCCGGCAGACATGCCTGACTATTTCAAGCAAGCATTCCCAGATGGAATGTCATATGAAAGGTCATTTCTATTTGAGGATGGAGCAGTTGCTACAGCCAGCTGGAACATTCGTCTCGAAGGAAATTGCTTCATCCACAAATCCATCTTTCATGGCGTAAACTTTCCCGCTGATGGACCCGTAATGAAAAAGAAGACAATTGACTGGGATAAGTCCTTCGAAAAAATGACTGTGTCTAAAGAGGTGCTAAGAGGTGACGTGACTATGTTTCTTATGCTCGAAGGAGGTGGTTCTCACAGATGCCAATTTCACTCCACTTACAAAACAGAGAAGCCGGTCACACTGCCCCCGAATCATGTCGTAGAACATCAAATTGTGAGGACCGACCTTGGCCAAAGTGCAAAAGGCTTTACAGTCAAGCTGGAAGCACATGCCGCGGCTCATGTTAACCCTTTGAAGGTTAAATAAGCTTTGAGACC
45,aeBlue,ATGGCTTCACTGGTTAAAAAAGACATGTGCATCAAAATGACGATGGAAGGAACAGTAAACGGTCACCATTTCAAGTGTGTAGGAGAAGGCGAAGGCAAACCATTTGAAGGGACCCAGGTGGAAAAGATACGCATCACTGAAGGTGGGCCCTTACCATTTGCGTATGATATTTTGGCCCCTTGTTGCATGTATGGCAGTAAAACCTTCATTAAGCATGTGTCGGGTATTCCGGATTACTTTAAGGAGTCTTTTCCTGAGGGCTTTACCTGGGAAAGAACACAAATCTTCGAGGATGGCGGCTATCTCACCATACACCAGGACACGAGCCTTCAGGGTAATAATTTTATTTTCAAAGTTAATGTCATCGGTGCCAACTTCCCTGCAAACGGTCCCGTGATGCAGAAAAAAACAGCTGGATGGGAACCGTGCGTTGAGATGCTTTATCCGCGGGACGGCGTCCTGTGTGGTCAGAGCCTGATGGCCCTGAAATGCACTGATGGCAATCATCTGACGTCCCACCTGCGCACTACCTATCGTTCTCGCAAGCCATCCAATGCAGTTAACATGCCGGAATTTCATTTTGGGGATCATCGCATTGAGATTTTGAAAGCTGAACAAGGTAAATTTTATGAACAATACGAGTCAGCGGTGGCCCGTTACTGTGAGGCGGCACCGAGTAAATTAGGGCATCACTAATAA,GGTCTCAAATGGCTTCACTGGTTAAAAAAGACATGTGCATCAAAATGACGATGGAAGGAACAGTAAACGGTCACCATTTCAAGTGTGTAGGAGAAGGCGAAGGCAAACCATTTGAAGGGACCCAGGTGGAAAAGATACGCATCACTGAAGGTGGGCCCTTACCATTTGCGTATGATATTTTGGCCCCTTGTTGCATGTATGGCAGTAAAACCTTCATTAAGCATGTGTCGGGTATTCCGGATTACTTTAAGGAGTCTTTTCCTGAGGGCTTTACCTGGGAAAGAACACAAATCTTCGAGGATGGCGGCTATCTCACCATACACCAGGACACGAGCCTTCAGGGTAATAATTTTATTTTCAAAGTTAATGTCATCGGTGCCAACTTCCCTGCAAACGGTCCCGTGATGCAGAAAAAAACAGCTGGATGGGAACCGTGCGTTGAGATGCTTTATCCGCGGGACGGCGTCCTGTGTGGTCAGAGCCTGATGGCCCTGAAATGCACTGATGGCAATCATCTGACGTCCCACCTGCGCACTACCTATCGTTCTCGCAAGCCATCCAATGCAGTTAACATGCCGGAATTTCATTTTGGGGATCATCGCATTGAGATTTTGAAAGCTGAACAAGGTAAATTTTATGAACAATACGAGTCAGCGGTGGCCCGTTACTGTGAGGCGGCACCGAGTAAATTAGGGCATCACTAATAAGCTTTGAGACC
46,cjBlue,ATGGCTTCCAAAATAAGCGACAACGTACGTATCAAACTGTATATGGAGGGCACGGTTAATAATCACCACTTCATGTGTGAAGCGGAGGGTGAGGGCAAGCCATACGAAGGAACGCAGATGGAAAACATTAAAGTGACCAAAGGAGGCCCGCTGCCGTTCTCTTTTGATATCCTGACGCCGAACTGCCAATATGGTTCTGTAGCCATAACCAAGTACACGTCGGGGATTCCGGACTATTTTAAACAGTCATTCCCTGAAGGTTTTACCTGGGAAAGAACCACCATTTATGAAGATGGGGCTTATCTGACAACTCAGCAGGAAACCAAACTTGATGGAAATTGCTTAGTCTACAATATTAAAATCCTCGGCTGCAATTTTCCCCCCAATGGTCCTGTTATGCAGAAAAAAACGCAAGGCTGGGAACCATGTTGCGAGATGCGCTATACACGTGATGGTGTCTTGTGCGGTCAGACATTAATGGCACTGAAATGTGCCGATGGGAACCATCTGACTTGTCATCTGCGGACTACTTACCGATCCAAAAAGGCAGCGAAGGCGTTGCAAATGCCACCTTTCCATTTTTCAGACCATCGTCCGGAAATTGTGAAGGTTAGCGAGAACGGCACACTGTTTGAGCAGCACGAAAGTAGTGTGGCACGCTATTGTCAGACATGCCCGAGCAAACTTGGTCATAATTAATAA,GGTCTCAAATGGCTTCCAAAATAAGCGACAACGTACGTATCAAACTGTATATGGAGGGCACGGTTAATAATCACCACTTCATGTGTGAAGCGGAGGGTGAGGGCAAGCCATACGAAGGAACGCAGATGGAAAACATTAAAGTGACCAAAGGAGGCCCGCTGCCGTTCTCTTTTGATATCCTGACGCCGAACTGCCAATATGGTTCTGTAGCCATAACCAAGTACACGTCGGGGATTCCGGACTATTTTAAACAGTCATTCCCTGAAGGTTTTACCTGGGAAAGAACCACCATTTATGAAGATGGGGCTTATCTGACAACTCAGCAGGAAACCAAACTTGATGGAAATTGCTTAGTCTACAATATTAAAATCCTCGGCTGCAATTTTCCCCCCAATGGTCCTGTTATGCAGAAAAAAACGCAAGGCTGGGAACCATGTTGCGAGATGCGCTATACACGTGATGGTGTCTTGTGCGGTCAGACATTAATGGCACTGAAATGTGCCGATGGGAACCATCTGACTTGTCATCTGCGGACTACTTACCGATCCAAAAAGGCAGCGAAGGCGTTGCAAATGCCACCTTTCCATTTTTCAGACCATCGTCCGGAAATTGTGAAGGTTAGCGAGAACGGCACACTGTTTGAGCAGCACGAAAGTAGTGTGGCACGCTATTGTCAGACATGCCCGAGCAAACTTGGTCATAATTAATAAGCTTTGAGACC
47,eforRed_(pink),ATGTCGGTAATCAAGCAAGTGATGAAAACTAAGCTTCATCTTGAAGGTACCGTTAATGGCCATGATTTTACCATCGAGGGTAAAGGCGAAGGCAAACCTTACGAAGGTCTTCAGCATATGAAGATGACAGTTACCAAAGGTGCGCCACTGCCCTTCTCAGTACATATCCTGACCCCTTCACACATGTATGGTTCAAAGCCATTTAATAAGTACCCGGCTGACATCCCGGATTACCACAAACAGTCGTTCCCAGAGGGCATGTCCTGGGAAAGATCCATGATCTTCGAGGATGGCGGAGTCTGTACTGCTAGCAATCACTCGTCGATCAACCTACAGGAAAATTGCTTTATTTATGATGTCAAGTTTCACGGTGTGAATTTGCCACCTGATGGCCCGGTCATGCAGAAGACGATCGCTGGTTGGGAGCCTTCCGTCGAAACTCTGTACGTCCGAGATGGGATGCTTAAGTCTGACACAGCAATGGTGTTCAAATTGAAAGGGGGAGGTCACCATAGGGTGGATTTTAAGACCACCTACAAGGCTAAGAAGCCAGTGAAGCTGCCTGAGTTTCATTTTGTGGAACACCGCCTCGAACTGACCAAGCACGATAAGGATTTCACCACTTGGGATCAACAAGAGGCAGCGGAGGGCCATTTCTCCCCTCTCCCGAAGGCTCTCCCGTAATAA,GGTCTCAAATGTCGGTAATCAAGCAAGTGATGAAAACTAAGCTTCATCTTGAAGGTACCGTTAATGGCCATGATTTTACCATCGAGGGTAAAGGCGAAGGCAAACCTTACGAAGGTCTTCAGCATATGAAGATGACAGTTACCAAAGGTGCGCCACTGCCCTTCTCAGTACATATCCTGACCCCTTCACACATGTATGGTTCAAAGCCATTTAATAAGTACCCGGCTGACATCCCGGATTACCACAAACAGTCGTTCCCAGAGGGCATGTCCTGGGAAAGATCCATGATCTTCGAGGATGGCGGAGTCTGTACTGCTAGCAATCACTCGTCGATCAACCTACAGGAAAATTGCTTTATTTATGATGTCAAGTTTCACGGTGTGAATTTGCCACCTGATGGCCCGGTCATGCAGAAGACGATCGCTGGTTGGGAGCCTTCCGTCGAAACTCTGTACGTCCGAGATGGGATGCTTAAGTCTGACACAGCAATGGTGTTCAAATTGAAAGGGGGAGGTCACCATAGGGTGGATTTTAAGACCACCTACAAGGCTAAGAAGCCAGTGAAGCTGCCTGAGTTTCATTTTGTGGAACACCGCCTCGAACTGACCAAGCACGATAAGGATTTCACCACTTGGGATCAACAAGAGGCAGCGGAGGGCCATTTCTCCCCTCTCCCGAAGGCTCTCCCGTAATAAGCTTTGAGACC
48,RFP_(red),ATGGCTTCCTCCGAAGACGTTATCAAAGAGTTCATGCGTTTCAAAGTTCGTATGGAAGGTTCCGTTAACGGTCACGAGTTCGAAATCGAAGGTGAAGGTGAAGGTCGTCCGTACGAAGGTACCCAGACCGCTAAACTGAAAGTTACCAAAGGTGGTCCGCTGCCGTTCGCTTGGGACATCCTGTCCCCGCAGTTCCAGTACGGTTCCAAAGCTTACGTTAAACACCCGGCTGACATCCCGGACTACCTGAAACTGTCCTTCCCGGAAGGTTTCAAATGGGAACGTGTTATGAACTTCGAAGACGGTGGTGTTGTTACCGTTACCCAGGACTCCTCCCTGCAAGACGGTGAGTTCATCTACAAAGTTAAACTGCGTGGTACCAACTTCCCGTCCGACGGTCCGGTTATGCAGAAAAAAACCATGGGTTGGGAAGCTTCCACCGAACGTATGTACCCGGAAGACGGTGCTCTGAAAGGTGAAATCAAAATGCGTCTGAAACTGAAAGACGGTGGTCACTACGACGCTGAAGTTAAAACCACCTACATGGCTAAAAAACCGGTTCAGCTGCCGGGTGCTTACAAAACCGACATCAAACTGGACATCACCTCCCACAACGAAGACTACACCATCGTTGAACAGTACGAACGTGCTGAAGGTCGTCACTCCACCGGTGCTTAA,GGTCTCAAATGGCTTCCTCCGAAGACGTTATCAAAGAGTTCATGCGTTTCAAAGTTCGTATGGAAGGTTCCGTTAACGGTCACGAGTTCGAAATCGAAGGTGAAGGTGAAGGTCGTCCGTACGAAGGTACCCAGACCGCTAAACTGAAAGTTACCAAAGGTGGTCCGCTGCCGTTCGCTTGGGACATCCTGTCCCCGCAGTTCCAGTACGGTTCCAAAGCTTACGTTAAACACCCGGCTGACATCCCGGACTACCTGAAACTGTCCTTCCCGGAAGGTTTCAAATGGGAACGTGTTATGAACTTCGAAGACGGTGGTGTTGTTACCGTTACCCAGGACTCCTCCCTGCAAGACGGTGAGTTCATCTACAAAGTTAAACTGCGTGGTACCAACTTCCCGTCCGACGGTCCGGTTATGCAGAAAAAAACCATGGGTTGGGAAGCTTCCACCGAACGTATGTACCCGGAAGACGGTGCTCTGAAAGGTGAAATCAAAATGCGTCTGAAACTGAAAGACGGTGGTCACTACGACGCTGAAGTTAAAACCACCTACATGGCTAAAAAACCGGTTCAGCTGCCGGGTGCTTACAAAACCGACATCAAACTGGACATCACCTCCCACAACGAAGACTACACCATCGTTGAACAGTACGAACGTGCTGAAGGTCGTCACTCCACCGGTGCTTAAGCTTTGAGACC
49,asPink,ATGGCGAGCTTCCTGAAAAAGACGATGCCGTTCAAAACCACGATTGAAGGCACGGTCAACGGTCACTACTTTAAATGTACGGGTAAAGGCGAAGGTAACCCGTTCGAAGGCACCCAGGAAATGAAAATTGAAGTCATCGAAGGCGGTCCGCTGCCGTTTGCGTTTCATATTCTGAGCACGTCTTGCATGTACGGCTCAAAGACCTTCATCAAGTACGTGTCGGGTATCCCGGATTACTTTAAACAGAGCTTCCCGGAAGGCTTTACCTGGGAACGTACCACGACCTATGAAGATGGCGGTTTCCTGACGGCGCACCAAGACACCTCTCTGGATGGTGACTGTCTGGTGTACAAAGTTAAGATTCTGGGCAACAATTTTCCGGCCGATGGTCCGGTTATGCAGAACAAAGCGGGCCGTTGGGAACCGGCTACGGAAATCGTCTATGAAGTGGACGGCGTTCTGCGCGGTCAATCCCTGATGGCCCTGAAATGCCCGGGCGGTCGTCATCTGACCTGTCATCTGCACACGACCTATCGTAGCAAAAAACCGGCGAGCGCCCTGAAAATGCCGGGCTTTCATTTCGAAGATCACCGCATTGAAATCATGGAAGAAGTCGAAAAAGGTAAGTGCTACAAGCAGTACGAAGCAGCAGTGGGTCGCTATTGTGATGCGGCACCGAGCAAGCTGGGTCATAATTAATAA,GGTCTCAAATGGCGAGCTTCCTGAAAAAGACGATGCCGTTCAAAACCACGATTGAAGGCACGGTCAACGGTCACTACTTTAAATGTACGGGTAAAGGCGAAGGTAACCCGTTCGAAGGCACCCAGGAAATGAAAATTGAAGTCATCGAAGGCGGTCCGCTGCCGTTTGCGTTTCATATTCTGAGCACGTCTTGCATGTACGGCTCAAAGACCTTCATCAAGTACGTGTCGGGTATCCCGGATTACTTTAAACAGAGCTTCCCGGAAGGCTTTACCTGGGAACGTACCACGACCTATGAAGATGGCGGTTTCCTGACGGCGCACCAAGACACCTCTCTGGATGGTGACTGTCTGGTGTACAAAGTTAAGATTCTGGGCAACAATTTTCCGGCCGATGGTCCGGTTATGCAGAACAAAGCGGGCCGTTGGGAACCGGCTACGGAAATCGTCTATGAAGTGGACGGCGTTCTGCGCGGTCAATCCCTGATGGCCCTGAAATGCCCGGGCGGTCGTCATCTGACCTGTCATCTGCACACGACCTATCGTAGCAAAAAACCGGCGAGCGCCCTGAAAATGCCGGGCTTTCATTTCGAAGATCACCGCATTGAAATCATGGAAGAAGTCGAAAAAGGTAAGTGCTACAAGCAGTACGAAGCAGCAGTGGGTCGCTATTGTGATGCGGCACCGAGCAAGCTGGGTCATAATTAATAAGCTTTGAGACC
50,spisPink,ATGTCGCACTCAAAACAAGCACTGGCAGATACGATGAAAATGACGTGGCTGATGGAAGGTTCGGTCAACGGTCACGCCTTTACGATTGAAGGCGAAGGTACCGGCAAACCGTATGAAGGTAAACAGAGTGGCACCTTTCGTGTTACGAAAGGCGGTCCGCTGCCGTTTGCGTTTGATATTGTCGCTCCGACCCTGAAATACGGTTTCAAATGCTTCATGAAATACCCGGCGGATATTCCGGACTACTTTAAACTGGCCTTCCCGGAAGGCCTGACGTACGATCGTAAAATTGCGTTTGAAGACGGCGGTTGTGCGACCGCCACGGTCGAAATGAGCCTGAAGGGTAACACCCTGGTGCATAAAACGAACTTTCAGGGCGGTAATTTCCCGATTGATGGTCCGGTGATGCAAAAACGCACCCTGGGCTGGGAACCGACCTCTGAAAAAATGACGCCGTGCGATGGTATTATCAAAGGCGACACCATCATGTACCTGATGGTTGAAGGCGGTAAAACGCTGAAATGTCGTTATGAAAACAATTACCGCGCCAACAAACCAGTGCTGATGCCGCCGAGCCACTTTGTGGATCTGCGTCTGACCCGCACGAATCTGGATAAAGAAGGTCTGGCGTTCAAACTGGAAGAATATGCTGTTGCCCGTGTGCTGGAAGTGTAATAA,GGTCTCAAATGTCGCACTCAAAACAAGCACTGGCAGATACGATGAAAATGACGTGGCTGATGGAAGGTTCGGTCAACGGTCACGCCTTTACGATTGAAGGCGAAGGTACCGGCAAACCGTATGAAGGTAAACAGAGTGGCACCTTTCGTGTTACGAAAGGCGGTCCGCTGCCGTTTGCGTTTGATATTGTCGCTCCGACCCTGAAATACGGTTTCAAATGCTTCATGAAATACCCGGCGGATATTCCGGACTACTTTAAACTGGCCTTCCCGGAAGGCCTGACGTACGATCGTAAAATTGCGTTTGAAGACGGCGGTTGTGCGACCGCCACGGTCGAAATGAGCCTGAAGGGTAACACCCTGGTGCATAAAACGAACTTTCAGGGCGGTAATTTCCCGATTGATGGTCCGGTGATGCAAAAACGCACCCTGGGCTGGGAACCGACCTCTGAAAAAATGACGCCGTGCGATGGTATTATCAAAGGCGACACCATCATGTACCTGATGGTTGAAGGCGGTAAAACGCTGAAATGTCGTTATGAAAACAATTACCGCGCCAACAAACCAGTGCTGATGCCGCCGAGCCACTTTGTGGATCTGCGTCTGACCCGCACGAATCTGGATAAAGAAGGTCTGGCGTTCAAACTGGAAGAATATGCTGTTGCCCGTGTGCTGGAAGTGTAATAAGCTTTGAGACC
51,gfasPurple,ATGTCGGTGATTGCTAAACAGATGACCTACAAAGTCTATATGTCGGGTACGGTGAACGGCCATTATTTTGAAGTTGAAGGTGACGGTAAAGGCAAGCCGTATGAAGGCGAACAGACCGTTAAACTGACCGTCACGAAGGGCGGTCCGCTGCCGTTTGCATGGGATATTCTGAGTCCGCAGTCCCAATATGGCAGCATCCCGTTCACGAAATATCCGGAAGATATCCCGGACTACGTGAAGCAGTCTTTTCCGGAAGGTTACACCTGGGAACGTATCATGAACTTCGAAGATGGCGCCGTCTGCACCGTGAGTAACGACAGCTCTATTCAAGGTAATTGTTTCATCTACCATGTCAAGTTCTCAGGTCTGAACTTCCCGCCGAATGGCCCGGTGATGCAGAAAAAGACCCAAGGCTGGGAACCGAATACGGAACGTCTGTTTGCACGCGATGGTATGCTGATTGGCAACAATTTCATGGCTCTGAAACTGGAAGGCGGTGGCCACTATCTGTGCGAATTTAAAAGCACCTACAAGGCGAAAAAGCCGGTTAAAATGCCGGGCTATCATTACGTGGATCGTAAACTGGACGTTACCAACCACAATAAGGACTATACGTCCGTCGAACAGTGTGAAATTTCAATCGCGCGCAAATCGGTGGTTGCCTAA,GGTCTCAAATGTCGGTGATTGCTAAACAGATGACCTACAAAGTCTATATGTCGGGTACGGTGAACGGCCATTATTTTGAAGTTGAAGGTGACGGTAAAGGCAAGCCGTATGAAGGCGAACAGACCGTTAAACTGACCGTCACGAAGGGCGGTCCGCTGCCGTTTGCATGGGATATTCTGAGTCCGCAGTCCCAATATGGCAGCATCCCGTTCACGAAATATCCGGAAGATATCCCGGACTACGTGAAGCAGTCTTTTCCGGAAGGTTACACCTGGGAACGTATCATGAACTTCGAAGATGGCGCCGTCTGCACCGTGAGTAACGACAGCTCTATTCAAGGTAATTGTTTCATCTACCATGTCAAGTTCTCAGGTCTGAACTTCCCGCCGAATGGCCCGGTGATGCAGAAAAAGACCCAAGGCTGGGAACCGAATACGGAACGTCTGTTTGCACGCGATGGTATGCTGATTGGCAACAATTTCATGGCTCTGAAACTGGAAGGCGGTGGCCACTATCTGTGCGAATTTAAAAGCACCTACAAGGCGAAAAAGCCGGTTAAAATGCCGGGCTATCATTACGTGGATCGTAAACTGGACGTTACCAACCACAATAAGGACTATACGTCCGTCGAACAGTGTGAAATTTCAATCGCGCGCAAATCGGTGGTTGCCTAAGCTTTGAGACC
52,meffBlue,ATGTCCGTTATCGCAACCCAGATGACGTACAAAGTTTATATGTCGGGCACCGTGAATGGTCATTATTTTGAAGTCGAAGGTGATGGCAAAGGTCGTCCGTATGAAGGCGAACAGACCGTCAAACTGACCGTGACGAAAGGCGGTCCGCTGCCGTTTGCATGGGATATTCTGAGTCCGCAGTGCCAATACGGTTCCATTCCGTTCACCAAATATCCGGAAGATATCCCGGACTACGTCAAACAGAGCTTTCCGGAAGGTTTCACGTGGGAACGCATTATGAACTTTGAAGATGGCGCTGTGTGCACCGTTTCAAACGACAGCTCTATCCAAGGCAACTGCTTCACGTATCATGTGAAATTTTCGGGTCTGAACTTCCCGCCGAATGGCCCGGTTATGCAGAAGAAAACCCAAGGTTGGGAACCGCACAGTGAACGTCTGTTTGCGCGCGGCGGTATGCTGATCGGCAACAATTTCATGGCCCTGAAACTGGAAGGCGGTGGCCATTATCTGTGTGAATTTAAAACCACGTACAAAGCGAAAAAACCAGTGAAAATGCCGGGTTATCATTACGTTGATCGTAAACTGGACGTCACGAACCACAATAAAGACTATACCTCAGTTGAACAGTGTGAAATCAGCATCGCACGCAAGCCGGTGGTCGCCTAATAA,GGTCTCAAATGTCCGTTATCGCAACCCAGATGACGTACAAAGTTTATATGTCGGGCACCGTGAATGGTCATTATTTTGAAGTCGAAGGTGATGGCAAAGGTCGTCCGTATGAAGGCGAACAGACCGTCAAACTGACCGTGACGAAAGGCGGTCCGCTGCCGTTTGCATGGGATATTCTGAGTCCGCAGTGCCAATACGGTTCCATTCCGTTCACCAAATATCCGGAAGATATCCCGGACTACGTCAAACAGAGCTTTCCGGAAGGTTTCACGTGGGAACGCATTATGAACTTTGAAGATGGCGCTGTGTGCACCGTTTCAAACGACAGCTCTATCCAAGGCAACTGCTTCACGTATCATGTGAAATTTTCGGGTCTGAACTTCCCGCCGAATGGCCCGGTTATGCAGAAGAAAACCCAAGGTTGGGAACCGCACAGTGAACGTCTGTTTGCGCGCGGCGGTATGCTGATCGGCAACAATTTCATGGCCCTGAAACTGGAAGGCGGTGGCCATTATCTGTGTGAATTTAAAACCACGTACAAAGCGAAAAAACCAGTGAAAATGCCGGGTTATCATTACGTTGATCGTAAACTGGACGTCACGAACCACAATAAAGACTATACCTCAGTTGAACAGTGTGAAATCAGCATCGCACGCAAGCCGGTGGTCGCCTAATAAGCTTTGAGACC
53,amajLime,ATGGCACTGAGCAACAAGTTTATCGGTGATGATATGAAAATGACGTACCACATGGACGGCTGCGTGAACGGCCACTACTTTACGGTGAAAGGTGAAGGCAACGGTAAACCGTATGAAGGCACCCAGACGAGCACCTTTAAAGTTACGATGGCGAATGGCGGTCCGCTGGCCTTTAGTTTCGATATTCTGTCCACCGTCTTTAAATACGGCAACCGTTGCTTCACGGCGTATCCGACCAGCATGCCGGATTACTTTAAGCAAGCCTTCCCGGACGGCATGTCTTATGAACGCACGTTTACCTACGAAGATGGCGGTGTGGCGACCGCCAGCTGGGAAATTTCTCTGAAAGGCAACTGTTTCGAACATAAGAGTACCTTTCACGGCGTGAATTTCCCGGCAGATGGTCCGGTTATGGCTAAAAAGACCACGGGTTGGGACCCGTCATTTGAAAAAATGACGGTCTGCGATGGCATCCTGAAGGGTGACGTGACCGCATTTCTGATGCTGCAAGGCGGCGGCAATTATCGTTGTCAATTCCATACGTCCTACAAAACCAAAAAGCCGGTTACGATGCCGCCGAACCATGTGGTTGAACACCGTATTGCGCGCACCGATCTGGACAAAGGTGGCAATTCAGTTCAGCTGACGGAACATGCAGTCGCTCACATCACCTCGGTCGTGCCGTTCTAA,GGTCTCAAATGGCACTGAGCAACAAGTTTATCGGTGATGATATGAAAATGACGTACCACATGGACGGCTGCGTGAACGGCCACTACTTTACGGTGAAAGGTGAAGGCAACGGTAAACCGTATGAAGGCACCCAGACGAGCACCTTTAAAGTTACGATGGCGAATGGCGGTCCGCTGGCCTTTAGTTTCGATATTCTGTCCACCGTCTTTAAATACGGCAACCGTTGCTTCACGGCGTATCCGACCAGCATGCCGGATTACTTTAAGCAAGCCTTCCCGGACGGCATGTCTTATGAACGCACGTTTACCTACGAAGATGGCGGTGTGGCGACCGCCAGCTGGGAAATTTCTCTGAAAGGCAACTGTTTCGAACATAAGAGTACCTTTCACGGCGTGAATTTCCCGGCAGATGGTCCGGTTATGGCTAAAAAGACCACGGGTTGGGACCCGTCATTTGAAAAAATGACGGTCTGCGATGGCATCCTGAAGGGTGACGTGACCGCATTTCTGATGCTGCAAGGCGGCGGCAATTATCGTTGTCAATTCCATACGTCCTACAAAACCAAAAAGCCGGTTACGATGCCGCCGAACCATGTGGTTGAACACCGTATTGCGCGCACCGATCTGGACAAAGGTGGCAATTCAGTTCAGCTGACGGAACATGCAGTCGCTCACATCACCTCGGTCGTGCCGTTCTAAGCTTTGAGACC
54,tsPurple,ATGGCGAGCTTGGTTAAGAAAGATATGTGTGTTAAGATGACGATGGAAGGTACTGTGAACGGTTATCACTTTAAGTGCGTTGGCGAGGGTGAAGGCAAGCCGTTCGAGGGCACGCAGAACATGCGCATTCGTGTCACCGAGGGCGGTCCGCTGCCTTTTGCATTCGACATCCTGGCCCCGTGCTGTATGTACGGCTCTAAGACCTTCATTAAACACGTGAGCGGTATCCCGGATTACTTTAAAGAGTCCTTTCCAGAGGGCTTCACTTGGGAACGTACCCAGATTTTTGAGGACGGTGGTGTTCTGACCGCGCACCAAGACACCAGCCTGGAAGGTAATTGCCTGATCTATAAAGTGAAGGTTCTGGGTACCAATTTCCCGGCGAATGGTCCGGTGATGCAAAAGAAAACCGCGGGTTGGGAGCCGTGCGTCGAGATGCTGTATCCGCGTGACGGCGTCTTGTGTGGTCAGAGCTTGATGGCGCTGAAGTGCACCGATGGCAATCATCTGACCAGCCACCTGCGCACGACGTATCGTAGCCGTAAACCGAGCAACGCCGTTAACATGCCGGAGTTCCATTTTGGTGACCATCGCATCGAAATCCTGAAAGCTGAGCAGGGCAAATTCTACGAACAATACGAATCGGCTGTCGCACGTTACAGCGATGTGCCGGAAAAAGCGACGTAATAA,GGTCTCAAATGGCGAGCTTGGTTAAGAAAGATATGTGTGTTAAGATGACGATGGAAGGTACTGTGAACGGTTATCACTTTAAGTGCGTTGGCGAGGGTGAAGGCAAGCCGTTCGAGGGCACGCAGAACATGCGCATTCGTGTCACCGAGGGCGGTCCGCTGCCTTTTGCATTCGACATCCTGGCCCCGTGCTGTATGTACGGCTCTAAGACCTTCATTAAACACGTGAGCGGTATCCCGGATTACTTTAAAGAGTCCTTTCCAGAGGGCTTCACTTGGGAACGTACCCAGATTTTTGAGGACGGTGGTGTTCTGACCGCGCACCAAGACACCAGCCTGGAAGGTAATTGCCTGATCTATAAAGTGAAGGTTCTGGGTACCAATTTCCCGGCGAATGGTCCGGTGATGCAAAAGAAAACCGCGGGTTGGGAGCCGTGCGTCGAGATGCTGTATCCGCGTGACGGCGTCTTGTGTGGTCAGAGCTTGATGGCGCTGAAGTGCACCGATGGCAATCATCTGACCAGCCACCTGCGCACGACGTATCGTAGCCGTAAACCGAGCAACGCCGTTAACATGCCGGAGTTCCATTTTGGTGACCATCGCATCGAAATCCTGAAAGCTGAGCAGGGCAAATTCTACGAACAATACGAATCGGCTGTCGCACGTTACAGCGATGTGCCGGAAAAAGCGACGTAATAAGCTTTGAGACC
55,TannenRFP,ATGTCCCTGTCGAAACAAGTACTGCCACGTGATGTTCGCATGCGCTTTCATATGGATGGCTGCGTTAATGGTCATCAGTTCATCATTGAGGGTGAAGGTGCAGGCAAACCGGATGAGGGCAAGAAGATTCTGAAACTGCGCGTGACGAAAGGTGGCCCGCTGCCGTTTGCGTTCGATATCCTGAGCTCTACTTTTACTTACGGTAACCGTTGTTTTTGCGATTATCCAGAGGACATGCCGGACTACTTTAAACAGAGCCTGCCGGAAGGTCACTCTTGGGAACGCACCCTGATGTTTGAGGATGGCGGTTGTGGTACGGCGAGCGCGCACATTAGTCTGGATAAGGACTGCTTCGTGCACCAGAGCACCTTCCTGGGCGTCAATTTCCCGGCAAACGGTCCGGTCATGCAAAAGAAAACGCTGAACTGGGAGCCGAGCAGCGAACTGATTACGGCGTGCGACGGTATCCTGAAAGGCGATGTGACCATGTTTCTGTTGCTGGAAGGTGGCCACCGTCTTAAATGTCAGTTCACCACCAGCTACAAAGCCAGCAAGGCAGTTAAGATGCCGCCGAATCACATTATCGAACACGTGCTTGTTAAAAAAGAGGTTGCCGACGGCTTTCAGATCCAAGAGCATGCGGTCGCAAAGCACTTCACCGTCGACGTTAAAGAAACGTAA,GGTCTCAAATGTCCCTGTCGAAACAAGTACTGCCACGTGATGTTCGCATGCGCTTTCATATGGATGGCTGCGTTAATGGTCATCAGTTCATCATTGAGGGTGAAGGTGCAGGCAAACCGGATGAGGGCAAGAAGATTCTGAAACTGCGCGTGACGAAAGGTGGCCCGCTGCCGTTTGCGTTCGATATCCTGAGCTCTACTTTTACTTACGGTAACCGTTGTTTTTGCGATTATCCAGAGGACATGCCGGACTACTTTAAACAGAGCCTGCCGGAAGGTCACTCTTGGGAACGCACCCTGATGTTTGAGGATGGCGGTTGTGGTACGGCGAGCGCGCACATTAGTCTGGATAAGGACTGCTTCGTGCACCAGAGCACCTTCCTGGGCGTCAATTTCCCGGCAAACGGTCCGGTCATGCAAAAGAAAACGCTGAACTGGGAGCCGAGCAGCGAACTGATTACGGCGTGCGACGGTATCCTGAAAGGCGATGTGACCATGTTTCTGTTGCTGGAAGGTGGCCACCGTCTTAAATGTCAGTTCACCACCAGCTACAAAGCCAGCAAGGCAGTTAAGATGCCGCCGAATCACATTATCGAACACGTGCTTGTTAAAAAAGAGGTTGCCGACGGCTTTCAGATCCAAGAGCATGCGGTCGCAAAGCACTTCACCGTCGACGTTAAAGAAACGTAAGCTTTGAGACC
56,BlazeYFP,ATGACGGCATTGACGGAAGGTGCAAAACTGTTTGAGAAAGAGATCCCGTATATCACCGAACTGGAAGGCAACGTCGAAGGTATGAAATTTATCATTAAAGGCGAGGGTACCGGTGACGCGAGCGTTGGTAAGGTCGACGCGCAGTTTATCTGCACCACGGGTGACGTCCCGGTGCCGTGGAGCACGTTGGTGACGACGCTGGGGTACGGTGCCCAATGTTTCGCGAAATATCCGCGTCACATCGCAGACTTCTTCAAATCCTGTATGCCGGAAGGTTATGTGCAAGAGCGCACTATTACCTTTGAGGGTGACGGTGTCTTTAAGACCCGTGCCGAAGTGACCTTCGAAAACGGTAGCGTTTACAACCGTGTCAAGCTGAATGGCCAGGGTTTCAAAAAGGATGGTCACGTTCTGGGTAAGAATCTGGAATTCAACTTCACCCCACATTGCCTGTACATCTGGGGCGATCAAGCGAATCATGGTCTGAAAAGCGCATTTAAGATCATGCACGAGATTACCGGCTCCAAAGAAGATTTCATCGTGGCTGATCACACCCAGATGAATACCCCGATTGGCGGTGGCCCTGTGCACGTTCCGGAATATCATCACATTACCTACCATGTCACGCTGAGCAAGGATGTTACCGACCATCGCGACCACCTGAACATCGTAGAGGTTCAAAAAGCAGTGGACCTGGAGACGTATCGCTAA,GGTCTCAAATGACGGCATTGACGGAAGGTGCAAAACTGTTTGAGAAAGAGATCCCGTATATCACCGAACTGGAAGGCAACGTCGAAGGTATGAAATTTATCATTAAAGGCGAGGGTACCGGTGACGCGAGCGTTGGTAAGGTCGACGCGCAGTTTATCTGCACCACGGGTGACGTCCCGGTGCCGTGGAGCACGTTGGTGACGACGCTGGGGTACGGTGCCCAATGTTTCGCGAAATATCCGCGTCACATCGCAGACTTCTTCAAATCCTGTATGCCGGAAGGTTATGTGCAAGAGCGCACTATTACCTTTGAGGGTGACGGTGTCTTTAAGACCCGTGCCGAAGTGACCTTCGAAAACGGTAGCGTTTACAACCGTGTCAAGCTGAATGGCCAGGGTTTCAAAAAGGATGGTCACGTTCTGGGTAAGAATCTGGAATTCAACTTCACCCCACATTGCCTGTACATCTGGGGCGATCAAGCGAATCATGGTCTGAAAAGCGCATTTAAGATCATGCACGAGATTACCGGCTCCAAAGAAGATTTCATCGTGGCTGATCACACCCAGATGAATACCCCGATTGGCGGTGGCCCTGTGCACGTTCCGGAATATCATCACATTACCTACCATGTCACGCTGAGCAAGGATGTTACCGACCATCGCGACCACCTGAACATCGTAGAGGTTCAAAAAGCAGTGGACCTGGAGACGTATCGCTAAGCTTTGAGACC
57,amilCP_(blue),ATGAGTGTGATCGCTAAACAAATGACCTACAAGGTTTATATGTCAGGCACGGTCAATGGACACTACTTTGAGGTCGAAGGCGATGGAAAAGGTAAGCCCTACGAGGGGGAGCAGACGGTAAAGCTCACTGTCACCAAGGGCGGACCTCTGCCATTTGCTTGGGATATTTTATCACCACAGTGTCAGTACGGAAGCATACCATTCACCAAGTACCCTGAAGACATCCCTGACTATGTAAAGCAGTCATTCCCGGAGGGCTATACATGGGAGAGGATCATGAACTTTGAAGATGGTGCAGTGTGTACTGTCAGCAATGATTCCAGCATCCAAGGCAACTGTTTCATCTACCATGTCAAGTTCTCTGGTTTGAACTTTCCTCCCAATGGACCTGTCATGCAGAAGAAGACACAGGGCTGGGAACCCAACACTGAGCGTCTCTTTGCACGAGATGGAATGCTGCTAGGAAACAACTTTATGGCTCTGAAGTTAGAAGGAGGCGGTCACTATTTGTGTGAATTTAAAACTACTTACAAGGCAAAGAAGCCTGTGAAGATGCCAGGGTATCACTATGTTGACCGCAAACTGGATGTAACCAATCACAACAAGGATTACACTTCGGTTGAGCAGTGTGAAATTTCCATTGCACGCAAACCTGTGGTCGCCTAA,GGTCTCAAATGAGTGTGATCGCTAAACAAATGACCTACAAGGTTTATATGTCAGGCACGGTCAATGGACACTACTTTGAGGTCGAAGGCGATGGAAAAGGTAAGCCCTACGAGGGGGAGCAGACGGTAAAGCTCACTGTCACCAAGGGCGGACCTCTGCCATTTGCTTGGGATATTTTATCACCACAGTGTCAGTACGGAAGCATACCATTCACCAAGTACCCTGAAGACATCCCTGACTATGTAAAGCAGTCATTCCCGGAGGGCTATACATGGGAGAGGATCATGAACTTTGAAGATGGTGCAGTGTGTACTGTCAGCAATGATTCCAGCATCCAAGGCAACTGTTTCATCTACCATGTCAAGTTCTCTGGTTTGAACTTTCCTCCCAATGGACCTGTCATGCAGAAGAAGACACAGGGCTGGGAACCCAACACTGAGCGTCTCTTTGCACGAGATGGAATGCTGCTAGGAAACAACTTTATGGCTCTGAAGTTAGAAGGAGGCGGTCACTATTTGTGTGAATTTAAAACTACTTACAAGGCAAAGAAGCCTGTGAAGATGCCAGGGTATCACTATGTTGACCGCAAACTGGATGTAACCAATCACAACAAGGATTACACTTCGGTTGAGCAGTGTGAAATTTCCATTGCACGCAAACCTGTGGTCGCCTAAGCTTTGAGACC
58,JuniperGFP,ATGTCGTCTGGTGCACTGTTGTTTCATGGTAAAATCCCGTATGTTGTAGAAATGGAAGGCAATGTCGATGGTCACACCTTTAGCATTCGCGGCAAGGGTTACGGTGACGCGAGCGTTGGTAAGGTCGACGCGCAGTTTATCTGCACCACGGGTGACGTCCCGGTGCCGTGGAGCACGTTGGTGACGACGCTGACTTACGGTGCCCAATGTTTCGCGAAATATGGCCCGGGGCTGAAAGACTTCTACAAATCCTGTATGCCGGAAGGTTATGTGCAAGAGCGCACTATTACCTTTGAGGGTGACGGTGTCTTTAAGACCCGTGCCGAAGTGACCTTCGAAAACGGTAGCGTTTACAACCGTGTCAAGCTGAATGGCCAGGGTTTCAAAAAGGATGGTCACGTTCTGGGTAAGAATCTGGAATTCAACTTCACCCCACACTGCCTGTACATCTGGGGCGATCAAGCGAATCATGGTCTGAAAAGCGCATTTAAGATCATGCACGAGATTACCGGCTCCAAAGAAGATTTCATCGTGGCTGATCACACCCAGATGAATACCCCGATTGGCGGTGGCCCTGTGCACGTTCCGGAATATCATCACCTGACCGTCTGGACGAGCTTCGGTAAGGATCCGGATGACGACGAAACCGACCACCTGAACATCGTAGAGGTTATCAAAGCAGTGGACCTGGAGACGTATCGCTAA,GGTCTCAAATGTCGTCTGGTGCACTGTTGTTTCATGGTAAAATCCCGTATGTTGTAGAAATGGAAGGCAATGTCGATGGTCACACCTTTAGCATTCGCGGCAAGGGTTACGGTGACGCGAGCGTTGGTAAGGTCGACGCGCAGTTTATCTGCACCACGGGTGACGTCCCGGTGCCGTGGAGCACGTTGGTGACGACGCTGACTTACGGTGCCCAATGTTTCGCGAAATATGGCCCGGGGCTGAAAGACTTCTACAAATCCTGTATGCCGGAAGGTTATGTGCAAGAGCGCACTATTACCTTTGAGGGTGACGGTGTCTTTAAGACCCGTGCCGAAGTGACCTTCGAAAACGGTAGCGTTTACAACCGTGTCAAGCTGAATGGCCAGGGTTTCAAAAAGGATGGTCACGTTCTGGGTAAGAATCTGGAATTCAACTTCACCCCACACTGCCTGTACATCTGGGGCGATCAAGCGAATCATGGTCTGAAAAGCGCATTTAAGATCATGCACGAGATTACCGGCTCCAAAGAAGATTTCATCGTGGCTGATCACACCCAGATGAATACCCCGATTGGCGGTGGCCCTGTGCACGTTCCGGAATATCATCACCTGACCGTCTGGACGAGCTTCGGTAAGGATCCGGATGACGACGAAACCGACCACCTGAACATCGTAGAGGTTATCAAAGCAGTGGACCTGGAGACGTATCGCTAAGCTTTGAGACC
59,EiraCFP,ATGTCGTCTGGTACCAAATTGTTTGAAAAGGAAATCCCGTATATCACTGAACTGGAGGGCGACGTCAATGGTATGAAGTTTACCATTCATGGTAAAGGTACCGGCGATGCGAGCACGGGTACCATTAAAGCGAAATTCATCTGCACTACGGGCGACGTTCCGGTCCCGTGGGCAACCCTGGTGAGCACCCTGAGCTACGGTGTTCAGTGTTTCGCCAAGTACCCGCCGCACATCAAGGATTTCTTTAAGAGCGCCATGCCGGAAGGTTATGTTCAAGAGCGTACCATCACCTTCGAAGGCGACGGCGTGTTTAAGACGCGTGCTGAGGTTACCTTTGAAAACGGTTCTGTCTACAATCGTGTCACGCTGAACGGCCAGGGTTTTAAGAAAGACGGTCACATTCTGCGTAAGAACGTTGCATTCCAATGCCCGCCAGATATTGTGTATATTTTGCCTGACACCGTTAACAATGGCATCCGCGTTGAGTTCAACCAGGCGTACGATATTGAAGGTGTGACCGAAAAACTGGTTACCAAATGCAGCCAAATGAATCGTCCGTTGGCGGGCTCCGCGGCAGTGCATATCCCGCGTTATCATCACCTGAGCAAACACACCAAACTGAGCAAAGACCGCGACGAGCGCCGTGATCACATGTGTCTGGTAGAGGTCGTGAAAGCGGTTGATCTGGACACGTATCAGTAA,GGTCTCAAATGTCGTCTGGTACCAAATTGTTTGAAAAGGAAATCCCGTATATCACTGAACTGGAGGGCGACGTCAATGGTATGAAGTTTACCATTCATGGTAAAGGTACCGGCGATGCGAGCACGGGTACCATTAAAGCGAAATTCATCTGCACTACGGGCGACGTTCCGGTCCCGTGGGCAACCCTGGTGAGCACCCTGAGCTACGGTGTTCAGTGTTTCGCCAAGTACCCGCCGCACATCAAGGATTTCTTTAAGAGCGCCATGCCGGAAGGTTATGTTCAAGAGCGTACCATCACCTTCGAAGGCGACGGCGTGTTTAAGACGCGTGCTGAGGTTACCTTTGAAAACGGTTCTGTCTACAATCGTGTCACGCTGAACGGCCAGGGTTTTAAGAAAGACGGTCACATTCTGCGTAAGAACGTTGCATTCCAATGCCCGCCAGATATTGTGTATATTTTGCCTGACACCGTTAACAATGGCATCCGCGTTGAGTTCAACCAGGCGTACGATATTGAAGGTGTGACCGAAAAACTGGTTACCAAATGCAGCCAAATGAATCGTCCGTTGGCGGGCTCCGCGGCAGTGCATATCCCGCGTTATCATCACCTGAGCAAACACACCAAACTGAGCAAAGACCGCGACGAGCGCCGTGATCACATGTGTCTGGTAGAGGTCGTGAAAGCGGTTGATCTGGACACGTATCAGTAAGCTTTGAGACC
